created_at,text,tweet_en
Tue Jul 14 06:01:38 +0000 2020,"Kota Manado yang ku cintai Kita nyanda mo lupa..,HBD Kota Manado.., Semoga semakin lebih sehat, lebih maju, lebihÃ¢Â€Â¦ https://t.co/6I94natCQv","The city of Manado, which I love We love to forget .., HBD Manado City .., Hopefully it will be healthier, more advanced, moreÃ ¢ Â € Â¦ https://t.co/6I94natCQv"
Thu Feb 07 14:24:19 +0000 2019,"DBD Makan Korban, Perindo Giatkan Fogging di Kota Manado https://t.co/EhyvNrPySC","DHF Eats Victims, Perindo Activates Fogging in Manado City https://t.co/EhyvNrPySC"
Fri Aug 16 14:51:25 +0000 2013,"Segera Hadir di Kota Manado ""Kursus Estetika All In One"" (Super Lengkap) Ã‚Â¤ Materi Dokter &amp; Kalangan Umum... http://t.co/GLNfqagNbP","Coming Soon in Manado City ""All In One Aesthetic Course"" (Super Complete) Ã‚Â¤ Material Doctor & amp; The Public ... http://t.co/GLNfqagNbP"
Fri Feb 03 15:50:38 +0000 2017,"Data Resmi Rumah Sakit di Kota Manado Provinsi Sulawesi Utara Republik Indonesia, Lengkap dan Valid https://t.co/UIn0C2r8tS","Official Data for Hospitals in Manado City, North Sulawesi Province, Republic of Indonesia, Complete and Valid https://t.co/UIn0C2r8tS"
Fri Jan 27 15:23:38 +0000 2017,"Data Resmi Puskesmas di Kota Manado Provinsi Sulawesi Utara Republik Indonesia, https://t.co/7r4JNBqSh8 #lengkapseluruhpublichealthservice","Official Data of Puskesmas in Manado City, North Sulawesi Province, Republic of Indonesia, https://t.co/7r4JNBqSh8 #l Lengkapseluruhpublichealthservice"
Thu Feb 15 07:07:02 +0000 2018,Cara Menghilangkan Bau Mulut Dengan Obat Kumur Joypolinse | Agen Di KotaÃ‚Â Manado https://t.co/uN5qGGVNVe https://t.co/AAxYuH35Bu,How To Get Rid Of Mouth Odor With Joypolinse Mouthwash | Agents In KotaÃ‚Â Manado https://t.co/uN5qGGVNVe https://t.co/AAxYuH35Bu
Mon Mar 11 06:29:36 +0000 2013,Timsel KPU Sulut Dinilai Tidak Ã¢Â€ÂœBerakal SehatÃ¢Â€Â http://t.co/pkSPz5O4j0 via @beritamanado,Timsel North Sulawesi KPU Not Assessed Ã ¢ Â € Â “With a Healthy SenseÃ ¢ Â € Â http://t.co/pkSPz5O4j0 via @beritamanado
Fri Jul 05 08:39:13 +0000 2013,"Tmn"" bsk ada month jalan sehat, jam 5 so dimka IT, dlm rangka Hut kota manado, smua harus hadir karna mo absen. Pke bju olahrga cln jeans.","Tmn ""can there be a month for a healthy walk, at 5 o'clock, so when IT, in the framework of the Manado City Hut, everyone must attend because they are absent. For sports and jeans."
Sat Jan 26 06:23:37 +0000 2013,Kecamatan Malalayang catat kasus demam berdarah tertinggi di kota Manado.,Malalayang sub-district recorded the highest dengue fever cases in the city of Manado.
Thu Oct 30 01:05:11 +0000 2014,Dinkes Tindaklanjuti Kasus Keracunan Wakil Wali Kota Manado: Mottoh memastikan tidak ada efek jangka panja... http://t.co/5jlkXbyZ1e #fb,Health Office Follows Up Poisoning Case Deputy Mayor of Manado: Mottoh ensures there is no long-term effect ... http://t.co/5jlkXbyZ1e #fb
Wed Oct 29 05:50:30 +0000 2014,"Hut ke-39, Wawali Manado  Terbaring sakit: Mendapat ribuan ucapan selamat ulang tahun dari warga Kota Manado, ... http://t.co/mQQL5Wd5Ax","39th Anniversary, Mayor of Manado Lying ill: Received thousands of happy birthday wishes from residents of Manado City, ... http://t.co/mQQL5Wd5Ax"
Sun Jan 21 05:08:41 +0000 2018,Bisnis Online Dokter Di Kota Manado https://t.co/B4Bv0WSIZL https://t.co/JNm3A6lFVl,Online Doctor Business in Manado City https://t.co/B4Bv0WSIZL https://t.co/JNm3A6lFVl
Wed May 01 04:08:26 +0000 2019,"Memperingati Hari Buruh Internasional 1 Mei 2019 dengan Tema MAY DAY, TOGETHER WE GROW Yang bertempat di God BlessÃ¢Â€Â¦ https://t.co/ngkhUQ3cAz","Commemorating International Labor Day May 1 2019 with the theme MAY DAY, TOGETHER WE GROW which takes place at God BlessÃ ¢ Â € Â¦ https://t.co/ngkhUQ3cAz"
Wed Feb 06 08:16:14 +0000 2019,"Banjir Kota Manado, Pemkab Boltim Terus Lakukan Bantuan Kesehatan Gratis - https://t.co/mTbKQEkAXe https://t.co/n7rc1Vnsgz","Floods in Manado City, Boltim Regency Government Continues to Provide Free Health Assistance - https://t.co/mTbKQEkAXe https://t.co/n7rc1Vnsgz"
Sun Jul 22 08:33:24 +0000 2018,"Balai Besar Pengawasan Obat dan Makanan (BBPOM) Kota Manado, Sulawesi Utara menyita ribuan produk kosmetik ilegal dÃ¢Â€Â¦ https://t.co/a9FWUcs8ji","The Center for Food and Drug Control (BBPOM) Manado City, North Sulawesi confiscated thousands of illegal cosmetic products dÃ ¢ Â € Â¦ https://t.co/a9FWUcs8ji"
Sat Dec 24 07:33:55 +0000 2016,Yeayyy.... ketemu ibu dokter kebanggaan kota Manado Ã°ÂŸÂ˜ÂœÃ°ÂŸÂ˜Â¬... Kenzo kwa masihÃ¢Â€Â¦ (w/ rillya at @vonnettebarbers) [pic] Ã¢Â€Â” https://t.co/LNArx5Lecv,Yeayyy .... met the proud doctor of Manado city Ã ° ÂŸÂ˜ÂœÃ ° ÂŸÂ˜Â¬ ... Kenzo kwa stillÃ ¢ Â € Â¦ (w / real at @vonnettebarbers) [pic] Ã ¢ Â € Â ”https : //t.co/LNArx5Lecv
Fri Mar 15 14:00:00 +0000 2019,"Nggak mau lagi lihat warga ketakutan karena nyamuk DBD, Caleg Perindo Robert Tambuwun asapi Kota Manado.Ã¢Â€Â¦ https://t.co/LkRnp3o4IQ","No longer want to see residents frightened by dengue mosquitoes, Perindo candidate Robert Tambuwun fumes Manado City .Ã ¢ Â € Â¦ https://t.co/LkRnp3o4IQ"
Tue Feb 19 19:36:53 +0000 2013,95 Orang Menderita Sakit di Posko Pengungsian Termasuk Balita http://t.co/FGjkusDM,"95 People Suffering From Pain at the Refugee Command Post, Including Toddlers http://t.co/FGjkusDM"
Wed Nov 04 04:30:32 +0000 2015,Sosialisasi BPJS bersama Disnaker Manado Ã°ÂŸÂ™Â‹Ã°ÂŸÂÂ¼Ã°ÂŸÂ™Â‡Ã°ÂŸÂÂ¼ (at Dinas Tenaga Kerja Kota Manado) [pic] Ã¢Â€Â” https://t.co/MPqd6v9R7s,Socialization of BPJS with Manpower Office Manado Ã ° ÂŸÂ ™ Â ‹Ã ° ÂŸÂ Â¼Ã ° ÂŸÂ ™ Â ‡ Ã ° ÂŸÂ Â¼ (at Manpower Office of Manado City) [pic] Ã ¢ Â € Â” https://t.co / MPqd6v9R7s
Fri Dec 11 13:45:02 +0000 2020,"Anyone, siapa yg punya law of the jungle kota manado pas ep. Jin sakit? Antara ep 249-251  Sampe capek nyari ga nemu2Ã°ÂŸÂ˜Â­","Anyone, who has the law of the jungle in Manado city when ep. Jin is sick? Between ep 249-251 I was tired of searching and not finding Ã ° ÂŸÂ˜Â"
Sat Jan 17 02:21:09 +0000 2015,"Warga Manado yang Belum Tercover Jaminan Kesehatan, Tetap Dijamin!: Pemerintah Kota Manado, Sulawesi Utara, ma... http://t.co/5FfcNcPtvt","Manado Residents Who Have Not Covered Health Insurance, Still Guaranteed !: Manado City Government, North Sulawesi, ma ... http://t.co/5FfcNcPtvt"
Wed Feb 14 22:59:33 +0000 2018,@beritamanado Min. Saran utk selidiki berita ttg klinik klinik di kota manado yg mempersulit atau menolak utk membuÃ¢Â€Â¦ https://t.co/RwFyPnrmwy,@beritamanado Min. Suggestions to investigate the news about clinical clinics in the city of Manado that make it difficult or refuse to make ¢ Â € Â¦ https://t.co/RwFyPnrmwy
Tue Jun 02 06:01:32 +0000 2020,"Keributan kembali terjadi di Rumah Sakit GMIM Pancaran Kasih Kota Manado, Sulawesi Utara, pada Selasa (2/6/2020) paÃ¢Â€Â¦ https://t.co/33uUijQmvU","Another commotion occurred at the GMIM Pancaran Kasih Hospital, Manado City, North Sulawesi, on Tuesday (2/6/2020) paÃ ¢ Â € Â¦ https://t.co/33uUijQmvU"
Tue Mar 12 04:27:11 +0000 2013,Kunjungi Pasar dan Rumah Sakit http://t.co/9VZTq3Q7Gk,Visit the Market and Hospital http://t.co/9VZTq3Q7Gk
Wed Aug 21 18:35:17 +0000 2013,Manado Ã¢Â€Â“ Dewan Perwakilan Rakyat Daerah (DPRD) Kota Manado meminta Dinas Kesehatan (Dinkes) untuk melakukan... http://t.co/LRZUoy3UNT,Manado Ã ¢ Â € Â “The Regional People's Representative Council (DPRD) Manado City asks the Health Office (Dinkes) to carry out ... http://t.co/LRZUoy3UNT
Thu Jul 11 01:30:31 +0000 2013,Anfrak obat.. Ã°ÂŸÂ˜Â·Ã°ÂŸÂ’Â‰Ã°ÂŸÂ’ÂŠ (at Dinas Kesehatan Kota Manado) Ã¢Â€Â” https://t.co/AP7IORwk1p,Drug anti-inflammatory .. Ã ° ÂŸÂ˜Â · Ã ° ÂŸÂ'Â Ã Ã ° ÂŸÂ'ÂŠ (at Manado City Health Office) Ã ¢ Â € Â ”https://t.co/AP7IORwk1p
Wed Feb 25 10:06:40 +0000 2015,"Telusuri Korban DBD di Puskesmas, Komisi 4 Turun Lapangan Lintas Kabupaten dan Kota: Manado Ã¢Â€Â“ Komisi 4 DPRD be... http://t.co/b5lJfgIqnR","Tracing DHF Victims at Puskesmas, Commission 4 Dropping Fields Across Regencies and Cities: Manado Ã ¢ Â € Â “Commission 4 DPRD is ... http://t.co/b5lJfgIqnR"
Thu Feb 14 14:32:28 +0000 2013,Waspada Penyakit Musiman: IDMANADO/Manado Ã¢Â€Â“ Curah hujan yang masih sering mengguyur kota Manado dan sekitarnya t... http://t.co/Fu3HJGzJ,"Seasonal Disease Alert: IDMANADO / Manado Ã ¢ Â € Â “Rainfall, which often flushes the city of Manado and its surroundings t ... http://t.co/Fu3HJGzJ"
Tue Jul 01 19:39:48 +0000 2014,"Go follow! @tunakaleng yuk cobain tuna kaleng lezat, sehat dan bergizi khas kota manado. Info : 081219965399 Pin bb :74C49D61""","Go follow! @tunakaleng let's try delicious, healthy and nutritious canned tuna typical of the city of Manado. Info: 081219965399 Pin bb: 74C49D61 """
Thu Jan 30 01:28:59 +0000 2014,"#KabarMdo Pasca Bencana, Penyakit ISPA Perlu Diantisipasi: Manado Ã¢Â€Â“ Legislator Kota Manado, Lily Binti menyeru... http://t.co/da3bSMKYwO","#KabarMdo Post-Disaster, ISPA Disease Should be Anticipated: Manado Ã ¢ Â € Â “Manado City Legislator, Lily Binti calls ... http://t.co/da3bSMKYwO"
Mon May 29 22:09:16 +0000 2017,"Berita Kawanua - Pembangunan RSUD Kota Manado Terus Berpolemik, Komisi C Tegaskan Harus Punya Amdal https://t.co/rbxjMWsxtE","Kawanua News - The Construction of Manado City Hospital Continues to Polemic, Commission C Affirms Must Have Amdal https://t.co/rbxjMWsxtE"
Sat Jul 19 00:30:02 +0000 2014,Ada lho Dokter Bertarif Murah di Malalayang Manado: MASYARAKAT Kota Manado masih bisa mendapatkan pelayanan ma... http://t.co/1u5gDWDwoJ,There are doctors with cheap rates in Malalayang Manado: THE PEOPLE of Manado City can still get ma ... http://t.co/1u5gDWDwoJ
Thu Oct 30 01:05:46 +0000 2014,Dinkes Tindaklanjuti Kasus Keracunan Wakil Wali Kota Manado http://t.co/NisiYnV3QA,Health Office Follows Up Poisoning Case Deputy Mayor of Manado http://t.co/NisiYnV3QA
Tue Jan 22 06:06:54 +0000 2013,RS Siti Maryam Ã¢Â€Â˜CuekÃ¢Â€Â™ Program Universal Coverage http://t.co/NOO5WyDY via @beritamanado,Siti Maryam Hospital Ã ¢ Â € Â˜CuekÃ ¢ Â € Â ™ Universal Coverage Program http://t.co/NOO5WyDY via @beritamanado
Wed Jul 24 23:38:18 +0000 2019,"Pembangunan Rumah Sakit Hermina yang berlokasi di Kelurahan Kairagi, Kecamatan Mapanget, disorot anggota DPRD KotaÃ¢Â€Â¦ https://t.co/ihfzGfcL8o","The construction of the Hermina Hospital, located in Kairagi Village, Mapanget District, was highlighted by members of the City DPRDÃ ¢ Â € Â¦ https://t.co/ihfzGfcL8o"
Fri Nov 23 23:54:16 +0000 2018,Demam berdarah dengue (DBD) masih menjadi momok bagi masyarakat di Sulut. Kota Manado membukukan ada 12 kasus positÃ¢Â€Â¦ https://t.co/WArc0kag6b,Dengue hemorrhagic fever (DHF) is still a scourge for people in North Sulawesi. Manado City recorded 12 positive casesÃ ¢ Â € Â¦ https://t.co/WArc0kag6b
Thu Oct 30 01:03:08 +0000 2014,",, Dinkes Tindaklanjuti Kasus Keracunan Wakil Wali Kota Manado: Mottoh memastikan tidak ada efek jangka panjan... http://t.co/4nuCjyGnwB",",, Health Office Follows Up Poisoning Case Deputy Mayor of Manado: Mottoh ensures there is no long-term effect ... http://t.co/4nuCjyGnwB"
Thu Sep 19 22:17:38 +0000 2013,"Jalan sehat bersama warga kota manado dan dahlan iskan ,","Healthy walk with the citizens of Manado and Dahlan fill,"
Fri May 08 03:10:23 +0000 2020,Walikota Serahkan Bantuan APD ke Puskesmas Di Kota Manado https://t.co/cCmdjldb3U,Mayor Handed Over PPE Aid to Puskesmas in Manado City https://t.co/cCmdjldb3U
Sun Oct 19 02:35:01 +0000 2014,Hari Kesehatan Nasional di Kota Manado Semarak. Ã¢Â€ÂœSehat Cerdas Berdaya SaingÃ¢Â€Â: Pembukaan Hari Kesehatan Nasiona... http://t.co/7swQpKFTDD,"National Health Day in the City of Manado Lively. Ã ¢ Â € Â “Smart Health, CompetitivenessÃ ¢ Â € Â: Opening of National Health Day ... http://t.co/7swQpKFTDD"
Mon May 04 10:53:12 +0000 2020,"SULUT - Senkom Rescue Kota Manado mengajak masyarakat membiasakan hidup sehat, Stop Stigma Covid 19 ""Kita Sehat IndÃ¢Â€Â¦ https://t.co/0eNbAiwCgA","North Sulawesi - Senkom Rescue Manado City invites people to get used to healthy living, Stop the Stigma of Covid 19 ""We Are Healthy IndÃ ¢ Â € Â¦ https://t.co/0eNbAiwCgA"
Tue Feb 16 12:31:33 +0000 2016,Virus Zika Belum Ada dan Tidak Terdeteksi di Kota Manado https://t.co/A59DxncF16 #Humaspromanado https://t.co/16qh1onOCH,Zika virus does not exist and is not detected in Manado City https://t.co/A59DxncF16 #Humaspromanado https://t.co/16qh1onOCH
Sun Oct 19 02:35:01 +0000 2014,Hari Kesehatan Nasional di Kota Manado Semarak. Ã¢Â€ÂœSehat Cerdas Berdaya SaingÃ¢Â€Â http://t.co/cGenbFDg1y,"National Health Day in the City of Manado Lively. Ã ¢ Â € Â “Smart Health, CompetitiveÃ ¢ Â € Â http://t.co/cGenbFDg1y"
Thu Jan 16 16:59:11 +0000 2014,"Ã¢Â€Âœ@lucky_rantung: Yg dibutuhkan masyarakat kota manado saat ini pakaian yg layak,makanan,dan obat""an... Cc @bangAiManado @ManadoKotaÃ¢Â€Âsah itu","Ã ¢ Â € Âœ @ lucky_rantung: What the people of Manado need right now are proper clothes, food, and medicine ""an ... Cc @bangAiManado @ ManadoKotaÃ ¢ Â € Â is legal"
Fri May 17 07:52:00 +0000 2013,Kota Manado Juara I Kinerja Program Jaminan Kesehatan Semesta http://t.co/wqg8di415r,Manado City Won First Place in Universal Health Insurance Program Performance http://t.co/wqg8di415r
Thu Oct 30 01:06:13 +0000 2014,Dinkes Tindaklanjuti Kasus Keracunan Wakil Wali Kota Manado http://t.co/vvFSb1tmoC,Health Office Follows Up Poisoning Case Deputy Mayor of Manado http://t.co/vvFSb1tmoC
Fri Feb 23 14:39:07 +0000 2018,Obat Kumur Joypolinse Untuk Menghilangkan Bau Mulut | Agen Di KotaÃ‚Â Manado https://t.co/L9sDJdNALi https://t.co/B3VjDMjepJ,Joypolinse Mouthwash To Eliminate Bad Breath | Agents In KotaÃ‚Â Manado https://t.co/L9sDJdNALi https://t.co/B3VjDMjepJ
Thu Oct 15 03:28:08 +0000 2015,Ã°ÂŸÂ˜ÂÃ°ÂŸÂ˜Â @ Puskesmas Ranomut Kecamatan PalDua Kota Manado https://t.co/pJ6BBSAK63,"Ã ° ÂŸÂ˜Â Ã ° ÂŸÂ˜Â @ Puskesmas Ranomut, PalDua District, Manado City https://t.co/pJ6BBSAK63"
Thu Feb 14 14:30:17 +0000 2013,Waspada Penyakit Musiman: IDMANADO/Manado Ã¢Â€Â“ Curah hujan yang masih sering mengguyur kota Manado dan sekitarnya telah... http://t.co/rzK4nqT9,"Seasonal Disease Alert: IDMANADO / Manado Ã ¢ Â € Â “Rainfall, which often flushes the city of Manado and its surroundings has ... http://t.co/rzK4nqT9"
Wed Dec 18 15:11:55 +0000 2019,Tim Kunjungan Kerja Komisi IX DPR RI yang dipimpin Ketua Komisi IX DPR RI Felly Estelita RuntuweneÃ‚Â meninjau Rumah SÃ¢Â€Â¦ https://t.co/m1OkOrOG2F,The Working Visit Team of the House of Representatives Commission IX led by the Chairperson of the House of Representatives Commission IX Felly Estelita RuntuweneÃ‚Â visited the SÃ ¢ Â € Â¦ House https://t.co/m1OkOrOG2F
Wed Sep 18 23:38:03 +0000 2019,"Pembangunan Rumah Sakit Daerah (RSUD) Manado action. Kepala Dinas Kesehatan Kota Manado mengatakan, pihaknya sudahÃ¢Â€Â¦ https://t.co/26iXYUQ5tV",Development of Regional Hospital (RSUD) Manado action. The Head of the Manado City Health Office said that his party had alreadyÃ ¢ Â € Â¦ https://t.co/26iXYUQ5tV
Wed Nov 26 16:28:57 +0000 2014,"Gempa Bumi, Pasien RS Lari Bawa Infus: Sejumlah pasien rumah sakit (RS) di Kota Manado juga berhamburan keluar... http://t.co/W0H4u3dMys","Earthquake, Hospital Patients Carry Infusions: A number of hospital patients (RS) in Manado City also rushed out ... http://t.co/W0H4u3dMys"
Sun Feb 04 23:37:48 +0000 2018,Rabies atau umumnya dikenal sebagai penyakit anjing gila masih menjadi perhatian serius Dinas Pertanian Kelautan daÃ¢Â€Â¦ https://t.co/1SGB3NOID0,Rabies or commonly known as mad dog disease is still a serious concern of the Marine Agriculture Office and https://t.co/1SGB3NOID0
Thu Jul 11 11:21:08 +0000 2019,"Halo #KawanPajak #270Bisa di Kota Manado dan sekitarnya, weekend nanti so ada rencana??  Kalo belom gabung jo dengÃ¢Â€Â¦ https://t.co/rVayBBT4A8","Hello #KawanPajak # 270 Can you be in the city of Manado and its surroundings, this weekend so there are plans ?? If you haven't yet, join withÃ ¢ Â € Â¦ https://t.co/rVayBBT4A8"
Sun Feb 24 08:00:00 +0000 2019,Banyaknya korban akibat DBD membuat Caleg Perindo Edwin Eman dan Novani Somba bergerak cepat lakukan fogging massalÃ¢Â€Â¦ https://t.co/ogr531MrJ4,The large number of victims due to dengue causes Perindo candidates Edwin Eman and Novani Somba to move quickly to do mass foggingÃ ¢ Â € Â¦ https://t.co/ogr531MrJ4
Wed Jul 17 23:56:19 +0000 2013,"Robby Mottoh: Warga Diminta Waspada Demam Berdarah: MANADO, OKE Ã¢Â€Â“ Kepala Dinas Kesehatan Kota Manado, dr. Robb... http://t.co/wOUrrHfivE","Robby Mottoh: Residents Asked to Be Alert Dengue Fever: MANADO, OKAY Ã ¢ Â € Â “Head of Manado City Health Office, dr. Robb ... http://t.co/wOUrrHfivE"
Fri Jan 29 06:50:01 +0000 2016,Petugas Kebersihan Manado Perlu BPJS dan Kartu Pelayanan Kesehatan Gratis https://t.co/DSnKBBnkUH #Humaspromanado https://t.co/KzkT2ug4fE,Manado Cleaning Officers Need BPJS and Free Health Service Cards https://t.co/DSnKBBnkUH #Humaspromanado https://t.co/KzkT2ug4fE
Fri May 31 14:14:01 +0000 2013,"Keg. Dalam Rangka HUT kota manado, diharapkan untuk semua warga SMAN 7 Mandao mengikuti jalan sehat di lap. Tikala start jam 5 pagi, #info Ã¢Â˜Âº","Keg. In the context of the anniversary of the city of Manado, it is hoped that all residents of SMAN 7 Mandao will follow a healthy walk on the lap. Type in start at 5 am, #info Ã ¢ Â˜Âº"
Fri Feb 01 01:19:32 +0000 2019,"Hingga Rabu (30/01/2019) sore, total penderita DBD di Kota Manado mencapai 371 orang. https://t.co/6rDMgKCgrX","Until Wednesday (30/01/2019) afternoon, the total number of dengue fever patients in Manado City reached 371 people. https://t.co/6rDMgKCgrX"
Thu Oct 30 15:05:19 +0000 2014,Hatta Rajasa News : Wawali Kota Manado Dilarikan ke Rumah Sakit Usai Makan di ... - http://t.co/9NZMmFRjf9: JPN... http://t.co/eeSijGKiPO,Hatta Rajasa News: The Mayor of Manado is taken to the hospital after eating at ... - http://t.co/9NZMmFRjf9: JPN ... http://t.co/eeSijGKiPO
Wed Jan 09 06:58:49 +0000 2019,Waspada DEMAM BERDARAH sedang meningkat di kota manado #jagalahkebersihan  #demamberdarah https://t.co/zc1a6p8YPm,Beware of BLOOD Fever is increasing in the city of Manado #jagalahkeb Cleaning #demamberdarah https://t.co/zc1a6p8YPm
Sat Apr 05 02:20:39 +0000 2014,"Rayakan ulang tahun dengan nyabu bareng teman2 di hotel bintang lima kota Manado, seorang dokter di Noongan ketangkap basah oleh polisi","Celebrate birthday with his mother with friends at a five-star hotel in Manado city, a doctor in Noongan was caught in the act by the police"
Fri Mar 22 07:49:47 +0000 2013,"DPRD Kota Manado Dukung Pembangunan RSUD:  Richard Sualang.Manado, CSN Ã¢Â€Â“ Dengan adanya rencana pembangunan Rum... http://t.co/ZhNUyaobjw","Manado City DPRD Supports Construction of Regional Public Hospital: Richard Sualang. Manado, CSN Ã ¢ Â € Â “With the development plan of ... http://t.co/ZhNUyaobjw"
Wed Jun 25 05:25:01 +0000 2014,"Kasus DBD Perlu Perhatian Khusus: Manado Ã¢Â€Â“ Dewan Perwakilan Rakyat Daerah (DPRD) Kota Manado, menghimbau pemer... http://t.co/FNeveKo3Rx",DHF cases need special attention: Manado Ã ¢ Â € Â “The Manado City Regional People's Representative Council (DPRD) calls on the government to ... http://t.co/FNeveKo3Rx
Tue Jan 15 09:46:32 +0000 2013,Layanan Kesehatan Gratis Untuk Warga Manado: IDMANADO/Manado- Kepala Dinas Kesehatan Kota Manado Robby Motto... http://t.co/xbNAePdL,Free Health Services for Manado Residents: IDMANADO / Manado- Head of Manado City Health Office Robby Motto ... http://t.co/xbNAePdL
Tue Jan 29 13:10:32 +0000 2013,"Komisi D Dekot Manado, Akan Hearing Dinkes Kota Manado: Terkait Program Pelayanan Kesehatan Gratis... http://t.co/paMQBECb","Commission D of Manado City Council, Will Hear Manado City Health Office: Regarding the Free Health Service Program ... http://t.co/paMQBECb"
Thu Jan 26 03:59:02 +0000 2017,Terapi Pengobatan ImpotensiÃ‚Â di Kota Manado Rekomendasi DokterÃ‚Â Ahli https://t.co/RkM1tqjf6Z https://t.co/i0c9yyz05u,Impotence Treatment Therapy in Manado City Doctor's Recommendation Ã‚Â Expert https://t.co/RkM1tqjf6Z https://t.co/i0c9yyz05u
Fri Apr 10 15:16:28 +0000 2015,Obat Kuat dan 'Permen  Cinta' Dijual Bebas di Manado: Di pusat perbelanjaan kota Manado dan dibeberapa tempat ... http://t.co/9cyAM5MCR9,Strong Medicine and 'Love Candy' For Free Sale in Manado: In Manado city shopping centers and in several places ... http://t.co/9cyAM5MCR9
Thu Aug 30 06:15:34 +0000 2018,Dalam Rangka Hut Ke-1 Yayasan Jantung Indonesia (YJI) Cabang Kota Manado bekerjasama dengan Pemerintah Kota ManadoÃ¢Â€Â¦ https://t.co/l6jjuNW8Pg,In the framework of the 1st Anniversary of the Indonesian Heart Foundation (YJI) Manado City Branch in collaboration with the Manado City GovernmentÃ ¢ Â € Â¦ https://t.co/l6jjuNW8Pg
Sun Oct 19 02:16:32 +0000 2014,#TuitManado Hari Kesehatan Nasional di Kota Manado Semarak. Ã¢Â€ÂœSehat Cerdas Berdaya SaingÃ¢Â€Â #Manado #Tuit,"#TuitManado National Health Day in the City of Manado Lively. Ã ¢ Â € Â “Healthy Smart, CompetitiveÃ ¢ Â € Â # Manado #Tuit"
Thu Jun 28 09:00:01 +0000 2018,Tim Ombudsman RI Perwakilan Provinsi Sulawesi Utara gelar Ã¢Â€ÂœSIDAKÃ¢Â€Â di Dinas Kependudukan dan Pencatatan Sipil Kota MÃ¢Â€Â¦ https://t.co/dv9yswYlgL,"The Indonesian Ombudsman Team Representatives of North Sulawesi Province held Ã ¢ Â € Â ""SIDAKÃ ¢ Â € Â € Â at the Department of Population and Civil Registration MÃ ¢ Â € Â¦ https://t.co/dv9yswYlgL"
Wed Nov 06 07:44:27 +0000 2013,"2014, Program UC Akan Beralih ke BPJS: MANADO, OKE Ã¢Â€Â“ Kepala Dinas Kesehatan Kota Manado, dr. Robby J. Mottoh m... http://t.co/G88OZPitWU","2014, UC Program Will Move to BPJS: MANADO, OKAY Ã ¢ Â € Â “Head of Manado City Health Office, dr. Robby J. Mottoh m ... http://t.co/G88OZPitWU"
Sat Jun 13 11:46:02 +0000 2020,"PSI MANADO Menyerahkan Bantuan APD Ke Puskesmas Tikala Baru Kota Manado (9/6) "" Mari jo torang dukung Gerakan SolidÃ¢Â€Â¦ https://t.co/qprT5nQ7UB","PSI MANADO Handed Over PPE Aid to the Tikala Baru Community Health Center in Manado City (9/6) ""Let's join in supporting the Solid MovementÃ ¢ Â € Â¦ https://t.co/qprT5nQ7UB"
Tue Jan 29 11:44:33 +0000 2013,82 Kasus DBD Serang Kota Manado http://t.co/izJaA1Pa #RakyatSULUT,82 DHF cases in Manado City http://t.co/izJaA1Pa #RakyatSULUT
Sun Nov 18 00:47:18 +0000 2018,Dokter jimmy: ketersediaan petugas puskesmas di kota manado masih minim Saya: hhmm.. kalo minim berarti bukan puskeÃ¢Â€Â¦ https://t.co/IjI4NhEh29,Doctor Jimmy: the availability of health center staff in Manado city is still minimal I: hhmm .. if it's minimal it means it's not puskeÃ ¢ Â € Â¦ https://t.co/IjI4NhEh29
Tue Jan 31 10:19:48 +0000 2017,"Data Resmi Puskesmas di Kota Manado Provinsi Sulawesi Utara Republik Indonesia, Lengkap dan Reliable https://t.co/OnaWyLQlaf","Official Data of Puskesmas in Manado City, North Sulawesi Province, Republic of Indonesia, Complete and Reliable https://t.co/OnaWyLQlaf"
Sun Oct 19 02:35:00 +0000 2014,Berita Manado: Hari Kesehatan Nasional di Kota Manado Semarak. Ã¢Â€ÂœSehat Cerdas Berdaya SaingÃ¢Â€Â http://t.co/hDO8J73hno ~ BakuKabar,"Manado News: National Health Day in the City of Manado Lively. Ã ¢ Â € Â “Healthy Smart, CompetitiveÃ ¢ Â € Â http://t.co/hDO8J73hno ~ BakuKabar"
Wed Aug 15 02:08:54 +0000 2018,Wali Kota Manado: Hidup Sehat dengan Bersepeda https://t.co/2IrY4Wz9g8,Mayor of Manado: Healthy Living by Cycling https://t.co/2IrY4Wz9g8
Fri Sep 23 10:00:38 +0000 2016,"Ba jaga.. (at Stan Pameran Pembangunan Dinkes Prov. Sulut. Kayuwatu, Kota Manado) [pic] Ã¢Â€Â” https://t.co/K20U0XCm0C","Keep in mind .. (at the exhibition booth for the construction of the North Sulawesi Provincial Health Office. Kayuwatu, Manado City) [pic] Ã ¢ Â € Â ”https://t.co/K20U0XCm0C"
Fri May 17 10:50:29 +0000 2013,"I'm at RSUD Prof. DR. Dr. Kondou Malalayang (Kota Manado, Sulawesi Utara) http://t.co/hctd2zE5vP","I'm at Prof. DR. Dr. Kondou Malalayang (City of Manado, North Sulawesi) http://t.co/hctd2zE5vP"
Thu Oct 18 08:35:15 +0000 2018,Agen Obat Herbal Pelangsing Di Kota Manado-SulawesiÃ‚Â Utara https://t.co/2zffzKtQjD https://t.co/WQlUyWmWQK,Slimming Herbal Medicine Agents In Manado-SulawesiÃ‚Â North City https://t.co/2zffzKtQjD https://t.co/WQlUyWmWQK
Sat Feb 04 07:54:54 +0000 2017,"Info Lengkap Apotek di Kota Manado Provinsi Sulawesi Utara Republik Indonesia, Valid dan Reliable https://t.co/Hqh77EVjH2","Complete Info on Pharmacies in Manado City, North Sulawesi Province, Republic of Indonesia, Valid and Reliable https://t.co/Hqh77EVjH2"
Fri Mar 10 03:18:45 +0000 2017,"Dokter Cilik SD KemalaÃ¢Â€Â¦ (w/ Bambang Prabowo, Vivi, &amp; 3 others at SD Kemala Bhayangkari Kota Manado) [pic] Ã¢Â€Â” https://t.co/pKVc2Zg2lP","Little Doctor SD KemalaÃ ¢ Â € Â¦ (w / Bambang Prabowo, Vivi, & amp; 3 others at SD Kemala Bhayangkari Manado City) [pic] Ã ¢ Â € Â ”https://t.co/pKVc2Zg2lP"
Sun Dec 02 05:22:23 +0000 2018,"""Kami banyak mendapatkan laporan dugaan pungli yang dilakukan di sekolah dan Puskesmas. Laporan dan pengaduan ini lÃ¢Â€Â¦ https://t.co/zeydYpYoU1","We get a lot of reports on allegations of extortion committed at schools and health centers. These reports and complaints are lÃ ¢ Â € Â¦ https://t.co/zeydYpYoU1
Porridge Manado - Tinutuan Typical food from the city of Manado, served with a mixture of nutritious vegetables, very coÃ ¢ Â € Â¦ https://t.co/2GtTVtoMBL
Earthquake for a moment. Hopefully the city of Manado is safe. Ã ° ÂŸÂ˜Â¿ (with Yoserizal and dr.leida at Puskesmas Teling Atas) Ã ¢ Â € Â ”https://t.co/o7woGERSzy
On behalf of Manado residents, the Mayor of Manado receives Healthy City Award https://t.co/OM0tqM09CJ
The Regional Health Office of North Sulawesi Province said that until yesterday dengue fever patients had reached 1,052 people andÃ ¢ Â € Â¦ https://t.co/nYSRUD7lQv
Happy Birthday Shepherd Teddy K Batasina. Hopefully it will be healthier, more successful and even more a blessing for the city of Manado ... http://t.co/sBhoH6ZRBL"
Thu Dec 05 02:09:43 +0000 2019,"Bubur Manado - Tinutuan Makanan khas dari Kota Manado, disajikan dengan campuran sayur - sayuran bergizi, sangat coÃ¢Â€Â¦ https://t.co/2GtTVtoMBL","Porridge Manado - Tinutuan Typical food from the city of Manado, served with a mixture of nutritious vegetables, very coÃ ¢ Â € Â¦ https://t.co/2GtTVtoMBL"
Sat Nov 15 02:42:51 +0000 2014,Gempa sejenak. Semoga aman kota manado. Ã°ÂŸÂ˜Â¿ (with Yoserizal and dr.leida at Puskesmas Teling Atas) Ã¢Â€Â” https://t.co/o7woGERSzy,Earthquake for a moment. Hopefully the city of Manado is safe. Ã ° ÂŸÂ˜Â¿ (with Yoserizal and dr.leida at Puskesmas Teling Atas) Ã ¢ Â € Â ”https://t.co/o7woGERSzy
Sat Nov 28 01:28:21 +0000 2015,"Wakili Warga Manado, Wali Kota Manado Terima Penghargaan Kota Sehat https://t.co/OM0tqM09CJ","On behalf of Manado residents, the Mayor of Manado receives Healthy City Award https://t.co/OM0tqM09CJ"
Wed Jan 30 02:22:16 +0000 2019,Dinas Kesehatan Daerah Provinsi Sulawesi Utara menyebut hingga kemarin penderita DBD sudah mencapai 1.052 orang danÃ¢Â€Â¦ https://t.co/nYSRUD7lQv,"The Regional Health Office of North Sulawesi Province said that until yesterday dengue fever patients had reached 1,052 people andÃ ¢ Â € Â¦ https://t.co/nYSRUD7lQv"
Fri Feb 13 00:37:09 +0000 2015,"Happy Birthday Gembala Teddy K Batasina. Semoga makin Sehat, Makin Sukses dan makin jadi berkat buat Kota Manado... http://t.co/sBhoH6ZRBL","Happy Birthday Shepherd Teddy K Batasina. Hopefully it will be healthier, more successful and even more a blessing for the city of Manado ... http://t.co/sBhoH6ZRBL"
Wed Jul 26 03:23:15 +0000 2017,"Hati boleh kosong ,tapi perut nggak boleh kosong Ã°ÂŸÂ˜Â†..#makansiang @ Puskesmas Kombos Kota Manado https://t.co/IkEMUgoyBb","The liver can be empty, but the stomach can't be empty Ã ° ÂŸÂ˜Â † .. # Makansiang @ Puskesmas Kombos Kota Manado https://t.co/IkEMUgoyBb"
Wed Nov 27 17:00:51 +0000 2013,Amelia Raih Petugas Kusta Terbaik se-Sulut: Dinas Kesehatan (Dinkes) Kota Manado melalui Puskesmas Tuminting m... http://t.co/7GZH2xQtgp,Amelia Achieves Best Leprosy Officer in North Sulawesi: Manado City Health Office (Dinkes) through Puskesmas Tuminting m ... http://t.co/7GZH2xQtgp
Tue Feb 14 05:47:06 +0000 2017,Penandatanganan Perjanjian Kerjasama PD Pasar Kota Manado dan BPJS Kesehatan.(Report by Stand Lee - Smartfm Manado) #LiveReport,The Signing of the Cooperation Agreement between PD Pasar Kota Manado and BPJS Kesehatan. (Report by Stand Lee - Smartfm Manado) #LiveReport
Sun Feb 24 08:00:00 +0000 2019,Banyaknya korban akibat DBD membuat Caleg Perindo Edwin Eman dan Novani Somba bergerak cepat lakukan fogging massalÃ¢Â€Â¦ https://t.co/tRx7su5Z7i,The large number of victims due to dengue caused Perindo candidates Edwin Eman and Novani Somba to move quickly to do mass foggingÃ ¢ Â € Â¦ https://t.co/tRx7su5Z7i
Wed Jun 05 07:22:14 +0000 2013,"I'm at RSUD Prof. DR. Dr. Kondou Malalayang (Kota Manado, Sulawesi Utara) http://t.co/EHIhVDfTOm","I'm at Prof. DR. Dr. Kondou Malalayang (City of Manado, North Sulawesi) http://t.co/EHIhVDfTOm"
Mon Sep 07 23:59:28 +0000 2020,Thanks Gary_Edo: Bakal Calon Wali kota Manado @morbastiaan (MOR) dan Bakal Calon Wakil Wali kota @hjp_sure (HJP) meÃ¢Â€Â¦ https://t.co/rJLSbNetlJ,Thanks Gary_Edo: Candidates for Mayor of Manado @morbastiaan (MOR) and Candidates for Deputy Mayor @hjp_sure (HJP) meÃ ¢ Â € Â¦ https://t.co/rJLSbNetlJ
Tue Sep 24 23:59:38 +0000 2019,Pemkot Gelar Pengangkatan Jabatan Direktur RSUD Kota Manado https://t.co/vMHMtbQ5NX,City Government Holds Appointment of Director of Manado City Hospital https://t.co/vMHMtbQ5NX
Fri Mar 22 07:57:13 +0000 2013,Berita Manado - DPRD Kota Manado Dukung Pembangunan RSUD http://t.co/NuKpSygVbo,Manado News - Manado City DPRD Supports Construction of RSUD http://t.co/NuKpSygVbo
Tue Oct 04 02:54:28 +0000 2016,Pertemuan petugas Promosi Kesehatan Puskesmas sekota Manado. (at Dinas Kesehatan Kota Manado) Ã¢Â€Â” https://t.co/CE1b6yXNkj,Meeting of Health Promotion Health Center officers in Manado city. (at Manado City Health Office) Ã ¢ Â € Â ”https://t.co/CE1b6yXNkj
Sun Nov 17 23:58:13 +0000 2019,Tenaga Harian Lepas dan Kepala Lingkungan di Kota Manado diikutsertakan program santunan kecelakaan kerja dan kematÃ¢Â€Â¦ https://t.co/igeUvH3IYj,Freelance Daily Workers and Heads of the Environment in Manado City are included in the work accident and death compensation program ¢ Â € Â¦ https://t.co/igeUvH3IYj
Thu Feb 07 14:24:19 +0000 2019,"DBD Makan Korban, Perindo Giatkan Fogging di Kota Manado https://t.co/EhyvNrPySC","DHF Eats Victims, Perindo Activates Fogging in Manado City https://t.co/EhyvNrPySC"
Tue Feb 07 05:52:32 +0000 2017,"Data Resmi Puskesmas di Kota Manado Provinsi Sulawesi Utara Republik Indonesia, Lengkap dan Reliable https://t.co/zPNq6X5l6m","Official Data of Puskesmas in Manado City, North Sulawesi Province, Republic of Indonesia, Complete and Reliable https://t.co/zPNq6X5l6m"
Tue Jan 08 04:10:35 +0000 2019,Jumlah kasus demam berdarah di kota Manado meningkat dan sudah masuk dalam kasus luar biasa. Pasien DBD memenuhi ruÃ¢Â€Â¦ https://t.co/bF0zNVBiaN,The number of dengue fever cases in the city of Manado is increasing and it has been included in extraordinary cases. DHF patients meet the ruÃ ¢ Â € Â¦ https://t.co/bF0zNVBiaN
Wed Aug 28 12:10:24 +0000 2019,"Ferdinan Sumarauw Daniel, warga Lingkungan VI, Kelurahan Banjer, Kecamatan Tikala, Kota Manado, Sulawesi Utara. MenÃ¢Â€Â¦ https://t.co/tAFoRmYEmc","Ferdinan Sumarauw Daniel, resident of Environment VI, Banjer Village, Tikala District, Manado City, North Sulawesi. MenÃ ¢ Â € Â¦ https://t.co/tAFoRmYEmc"
Thu Mar 30 01:12:26 +0000 2017,Ibadah Bersama Dinkes Pemkot Mdo Oleh Pdt Felix LengkeyÃ°ÂŸÂ™ÂÃ°ÂŸÂÂ» (at Dinas Kesehatan Kota Manado ) [vid] Ã¢Â€Â” https://t.co/0iUfUn3D8z,Worship with the Health Office of Mdo City Government By Rev. Felix LengkeyÃ ° ÂŸÂ ™ Â Ã ° ÂŸÂ »(at Manado City Health Office) [vid] Ã ¢ Â € Â” https://t.co/0iUfUn3D8z
Tue Jan 15 00:34:18 +0000 2019,"Wabah DBD terjadi bukan hanya karena musim yang berganti, melainkan juga pola pembangunan kota. Wabah DBD di KotaÃ¢Â€Â¦ https://t.co/tPeSdcFoZA","DHF outbreaks occur not only because of the changing seasons, but also because of urban development patterns. Dengue Outbreak in CitiesÃ ¢ Â € Â¦ https://t.co/tPeSdcFoZA"
Tue Jan 08 05:01:05 +0000 2019,"@null Cegah DBD, Dinkes Manado Lakukan Pengasapan Dinas Kesehatan (Dinkes) Kota Manado  https://t.co/cOGbUsNJ4s","@null Prevent DHF, Dinkes Manado Performs Fumigation Health Office (Dinkes) Manado City https://t.co/cOGbUsNJ4s"
Fri Jul 12 06:31:16 +0000 2013,Kesehatan Masyarakat Prioritas Pemerintah Kota Manado: Manado Ã¢Â€Â“ Terkait program Car free Day (Hari bebas kenda... http://t.co/mQpvhjly0m,Public Health Priorities for the Government of Manado City: Manado Ã ¢ Â € Â “Related to the Car free Day program (Free day for kenda ... http://t.co/mQpvhjly0m
Fri May 17 08:11:47 +0000 2013,Kota Manado Juara I Kinerja Program Jaminan Kesehatan Semesta: IDMANADO/Manado-Kota Manado gemilang dengan... http://t.co/5IXKart9m6,Manado City Won First Place in Universal Health Insurance Program Performance: IDMANADO / Manado-Manado City is brilliant with ... http://t.co/5IXKart9m6
Wed Aug 07 01:33:05 +0000 2013,"I'm at RSUD Prof. DR. Dr. Kandou Malalayang (Kota Manado, Sulawesi Utara) http://t.co/nX2xG1A1c8","I'm at Prof. DR. Dr. Kandou Malalayang (Manado City, North Sulawesi) http://t.co/nX2xG1A1c8"
Sat Oct 05 23:34:13 +0000 2019,Kamis (03/10/2019) di Aula Sam Ratulangi Lantai 4 Kejati Sulut dilaksanakan Rapat TP4D Kejati Sulut dgn Pemkot ManaÃ¢Â€Â¦ https://t.co/0bjhK3rbHO,"Thursday (03/10/2019) in Sam Ratulangi Hall, 4th Floor of the North Sulawesi Attorney General's Office, a TP4D Meeting of the North Sulawesi Prosecutor's Office was held with the Municipal Government of ManaÃ ¢ Â € Â¦ https://t.co/0bjhK3rbHO"
Tue Feb 12 16:22:36 +0000 2019,Warga Sambut Antusias Periksa Kesehatan Gratis dari Perindo Kota Manado [News]. https://t.co/f2frtrTPhV,Residents Enthusiastically Welcome Free Health Checkup from Manado City Perindo [News]. https://t.co/f2frtrTPhV
Tue Jul 14 07:10:06 +0000 2015,"HBD kota manado,,,panjang umur deng sehat sehat selalu neh  {}","HBD city of manado ,,, long life with healthy health, always neh {}"
