,created_at,text,full_text
0,Fri Apr 03 08:30:02 +0000 2015,#berita Kepada Dinas kesehatan Kota Pekanbaru Helda S Munir mengaku tidak bisa berbuat banyak terkait keberadaan http://t.co/63Og620uiS,
1,Mon Sep 09 04:02:35 +0000 2019,"Kabut asap sangat pekat menyelimuti Kota Pekanbaru. Kabut asap ini sangat mengganggu pernafasan, karena udara sudahâ¦ https://t.co/ooL47gEFTS","Kabut asap sangat pekat menyelimuti Kota Pekanbaru. Kabut asap ini sangat mengganggu pernafasan, karena udara sudah tidak sehat.
#Regional
https://t.co/CGuy8vXUCS"
2,Wed Jan 10 11:09:08 +0000 2018,https://t.co/zfmclHoLR8 3 Dokter RSUD Pekanbaru jadi Tersangka: Kabarriau com Pekanbaru amp nbsp Kepolisian Resor Kâ¦ https://t.co/8tV24QObSf,https://t.co/zfmclHoLR8 3 Dokter RSUD Pekanbaru jadi Tersangka: Kabarriau com Pekanbaru amp nbsp Kepolisian Resor Kota Pekanbaru melakukan penyidikan dugaan korupsi pengadaan Alat Kesehatan senilai Rp1 5 miliar di Rumah Sakit Umum Daerahâ¦ https://t.co/3t8J1J8Ccf  #kabarriau
3,Mon Apr 29 15:07:27 +0000 2013,"Dokter gigi yg bagus dan murah di kota pekanbaru dimana yah, info donk @infoPKU @info_DURI",
4,Sun Oct 02 12:30:38 +0000 2016,"PEKANBARU - Capaian indeks pembangunan manusia (IPM) tahun 2015 Kota Pekanbaru sebesar 79,32. Angka tersebut ... https://t.co/K9cnyJnqIu",
5,Tue Mar 11 23:06:35 +0000 2014,"Pekanbaru KLB penyakit akibat asap: Kota Pekanbaru, Provinsi Riau, kini tercatat berada dalam Kejadian Luar Bi... http://t.co/Lff06H1xV8",
6,Fri Apr 22 18:42:38 +0000 2016,"Pemko Pekanbaru Miliki Puskesmas Wisata: 
PEKANBARU - Pemerintah Kota Pekanbaru di bawah kepemimpinan Walikot... https://t.co/NrDQwjjhCS",
7,Tue Mar 11 21:57:36 +0000 2014,"Pekanbaru KLB penyakit akibat asap: Kota Pekanbaru, Provinsi Riau, kini tercatat berada dalam Kejadian Luar Bi... http://t.co/h3jcICWj72",
8,Mon Feb 10 03:35:05 +0000 2014,"Antisipasi Kabut Asap, Dinkes Pekanbaru Bagikan 3.500 Masker: DINKES Kota Pekanbaru membagikan sekitar 3.500 m... http://t.co/4tL2JMZxwn",
9,Mon Jul 15 08:49:37 +0000 2019,10 Penyakit Yang Diakibatkan Gaya Hidup Tak Sehat https://t.co/C8Y0IBBcVS,
10,Wed Feb 04 13:21:11 +0000 2015,"Dinas Kesehatan Kota Pekanbaru, Provinsi Riau,  mengatakan pola hidup yang tidak sehat serta suka mengkonsumsi... http://t.co/aaCyjn0Y2y",
11,Thu May 31 19:48:32 +0000 2018,"Vidio: Penyakit Kota Pekanbaru Metropolitan Madani,  Hujan Sebentar Banjir, Warga: Bagai Mana mau Riau Madani https://t.co/6PVMz8nbd9",
12,Fri Mar 24 04:16:07 +0000 2017,Realisasi Fisik RSUD Pekanbaru Sudah Capai 80 Persen: Bangunan Fisik Rumah Sakit Umum Daerah (RSUD) Kota Pekanbaruâ¦ https://t.co/mCP0HgfDRN,
13,Fri Oct 23 04:11:46 +0000 2015,Posko Evakuasi Balita di Tiga Puskesmas: Pemerintah Kota Pekanbaru kembali mengaktifkan posko evakuasi Balita ... https://t.co/sktU4MKN9H,
14,Thu Apr 12 10:09:32 +0000 2018,Begini Cara Dinas Kesehatan Kota Pekanbaru Tangani Kasus Gizi Buruk https://t.co/VKDkl2n6IR https://t.co/4xGpOXwTJT,
15,Sun Apr 29 14:05:03 +0000 2018,"Jadi Salah Satu Penyakit Mematikan di Indonesia, Prodia Ajak Para Wanita di Kota Pekanbaru Lawan Kanker Serviksâ¦ https://t.co/RvpaPmhddI","Jadi Salah Satu Penyakit Mematikan di Indonesia, Prodia Ajak Para Wanita di Kota Pekanbaru Lawan Kanker Serviks https://t.co/HJ5ie3zWjm ( GoNews )"
16,Thu Nov 20 13:31:53 +0000 2014,"Pekanbaru siagakan Puskesmas antisipasi banjir: Dinas Kesehatan Kota Pekanbaru, Provinsi Riau, telah menyiagak... http://t.co/X0kGeRepZj",
17,Sat Sep 14 09:05:20 +0000 2019,"UPDATE INFO KABUT ASAP RIAU

Sejak mulai kamis (12/9) perhitungan ISPU di dua alat di titik Tenayan Raya dan Pusatâ¦ https://t.co/amHDiH0ICn","UPDATE INFO KABUT ASAP RIAU

Sejak mulai kamis (12/9) perhitungan ISPU di dua alat di titik Tenayan Raya dan Pusat kota Pekanbaru menunjukkan angka 188 dan 123 atau masuk kategori ""Tidak Sehat"". Sementara ituâ¦ https://t.co/tXZBNWXNd9"
18,Tue Jan 30 17:02:15 +0000 2018,Foging Bukan Solusi Kurangi Populasi Nyamuk DBD: Dinas Kesehatan (Diskes) Kota Pekanbaru mengatakan foging bukanlahâ¦ https://t.co/ogtqabNx6U,Foging Bukan Solusi Kurangi Populasi Nyamuk DBD: Dinas Kesehatan (Diskes) Kota Pekanbaru mengatakan foging bukanlah solusi yang tepat dalam pencegahan Demam Berdarah Dengue(DBD). https://t.co/3U2LA4x1ZH https://t.co/JalkyKBZv5
19,Thu Jul 14 17:38:00 +0000 2016,"Cerita nya keliling kota pekanbaru ó¾³ó¾ó¾ó¾°
W/t  calon ibu bidanó¾³",
20,Wed Oct 04 16:33:05 +0000 2017,Waspadaâ¦ Rupanya Masih Banyak Obat dan Kosmetik Ilegal Dijual di Kota Pekanbaru https://t.co/mL70kxo1gE https://t.co/R4cSCwpw4f,
21,Wed Apr 06 03:17:09 +0000 2016,Sebanyak 45 Peserta Ikuti Seleksi Kepala Puskesmas di Kota Pekanbaru https://t.co/JqwvdEah32 https://t.co/LlD3kvxqog,
22,Tue Dec 24 05:20:25 +0000 2013,"Cc : @dhitprasetyo ""@Kota_Pekanbaru: Adit, Bocah Korban Penganiayaan Juga Alami Kekurangan Gizi http://t.co/tFhgJMbdKl - GoRiaudotcom""",
23,Tue Sep 24 02:32:41 +0000 2019,Relawan MDMC Kota Pekanbaru salurakan masker n95 ke posko Rumah Evakuasi Korban Bencana Asap di Klinik Pratama UMRIâ¦ https://t.co/1vHvd9HVO5,"Relawan MDMC Kota Pekanbaru salurakan masker n95 ke posko Rumah Evakuasi Korban Bencana Asap di Klinik Pratama UMRI untuk korban yang mulai terkena dampak asap berupa penyakit ISPA. 

Mari bantu saudara-saudara kitaâ¦ https://t.co/HQRV1CvO6a"
24,Tue Apr 24 11:11:58 +0000 2018,RSUD Tengku Rafian Siak Menuju Akreditasi SNARS https://t.co/S6MA2sRTqr https://t.co/N3hqtpzCoV,
25,Wed Feb 06 12:18:42 +0000 2013,"@Kota_Pekanbaru mlm2 cari cemilan sehat enaknya ke susu kdle segar alami sbrng plz.telkom sudirman,ditunggu y tweepss..",
26,Fri Aug 30 08:51:35 +0000 2013,"Cuaca Di Pekanbaru Tidak Sehat Akibat Kabut Asap: Pekanbaru, Riau
Kualitas udara di kota Pekanbaru, Riau semak... http://t.co/DPKEZ4Pa2X",
27,Tue Mar 11 23:01:08 +0000 2014,"Pekanbaru KLB penyakit akibat asap: Kota Pekanbaru, Provinsi Riau, kini tercatat berada dalam Kejadian Luar Biasa (KLB) yang warganya...",
28,Thu Oct 01 02:36:35 +0000 2020,"@PongKongMinja Hai Sahabat. dapat kami informasikan untuk Kota Pekanbaru, Sahabat dapat menukarkan vouchernya di Laâ¦ https://t.co/zufi2iBiZB","@PongKongMinja Hai Sahabat. dapat kami informasikan untuk Kota Pekanbaru, Sahabat dapat menukarkan vouchernya di Lab Klinik KF Pekanbaru Jl. Jend. Sudirman No.724, Pekanbaru
no telp 0761-8525511. 

Semoga sehat selalu. -aptArman"
29,Thu May 21 05:55:13 +0000 2015,"Perawat bukan dirumah sakit atau klinik, dialam juga. Temanya merawat alam hari ni @dinas perumahan,pemukiman dan cipta karya kota pekanbaru",
30,Sat Oct 12 10:40:53 +0000 2013,"RTRW Kota Pekanbaru Belum Disahkan, Pembangunan Pesat Terus: 
Riau Pos Online-Pembangunan bidan... http://t.co/nntMXvf4jA (Via Riaupos)",
31,Mon Nov 16 07:49:40 +0000 2015,"Diskes Pekanbaru Diminta Aktif Cegah DBD: Peralihan musim seperti yang terjadi di Kota Pekanbaru saat ini, san... https://t.co/JMDprPoaBE",
32,Wed Feb 25 01:30:05 +0000 2015,#TuitPekanbaru Wali Kota Pekanbaru Belum Ada Nyatakan KLB Demam Berdarah #Pekanbaru #Tuit,
33,Fri Aug 30 08:23:35 +0000 2013,"Cuaca Di Pekanbaru Tidak Sehat Akibat Kabut Asap: Pekanbaru, Riau
Kualitas udara di kota Pekanbaru, Riau semak... http://t.co/XmmVh4axyk",
34,Sat Feb 27 05:02:16 +0000 2016,#KabarPP Jalan Sehat Jelang Musyda Ke-11 Muhammadiyah dan 'Aisyiyah Kota Pekanbaru https://t.co/xs00YoFqwx,
35,Mon Feb 06 17:52:22 +0000 2017,"Data Resmi Puskesmas di Kota Pekanbaru Provinsi Riau Republik Indonesia, Lengkap dan Reliable https://t.co/eB0aswZSsc",
36,Wed Sep 16 13:28:33 +0000 2015,"Di saatÂ  warga banyak yang sakit, eh Wali Kota Pekanbaru, Firdaus MT tetap melanjutkan kunker ke Tiongkok. http://t.co/dOGRnbaLvJ",
37,Fri Feb 03 08:11:00 +0000 2017,"Data Resmi Puskesmas di Kota Pekanbaru Provinsi Riau Republik Indonesia, Lengkap dan Reliable https://t.co/NWBWVbGOfT",
38,Tue Apr 16 01:30:22 +0000 2019,"Sebanyak dua pasien yang dirawat di Rumah Sakit Jiwa Tampan, Kota Pekanbaru, Riau, sudah mengantongi undangan untukâ¦ https://t.co/cjiSCOAWDu","Sebanyak dua pasien yang dirawat di Rumah Sakit Jiwa Tampan, Kota Pekanbaru, Riau, sudah mengantongi undangan untuk mengikuti Pemilu serentak 2019

https://t.co/cQn6ih8T2n"
39,Wed Sep 17 10:18:19 +0000 2014,"Sama kyk Payakumbuh""@Metro_TV: Udara Kota Pekanbaru tak Sehat via @metro_tv http://t.co/qHlxVV1E97""",
40,Mon Dec 07 15:20:26 +0000 2015,"#berita Kelurahan Simpang Tiga, Kecamatan Bukit Raya mewakili kota Pekanbaru di Lomba Pola Hidup Bersih Sehat ... https://t.co/70qzasL5Mo",
41,Fri Jul 10 18:35:30 +0000 2015,Udara Kota Pekanbaru Mulai Tidak Sehat akibat Kabut Asap http://t.co/ZKOGo71scT http://t.co/iI75gMBIKW,
42,Tue Jan 30 06:22:24 +0000 2018,Agen Jual Obat Telat Bulan Cytotec Di Kota Pekanbaru || 081227677373 || Agen Jual Obat Penggugur Kandungan Di Areaâ¦ https://t.co/XgeyDdOjRA,Agen Jual Obat Telat Bulan Cytotec Di Kota Pekanbaru || 081227677373 || Agen Jual Obat Penggugur Kandungan Di Area Pekanbaru https://t.co/9SsSD8AML5
43,Wed Jul 20 10:03:43 +0000 2016,"Mau sehat ? gampang dan praktis bisa dilakukan dirumah bersama ""Nikita Jogging"" cc @Kota_Pekanbaru https://t.co/ZHy6rp0KJp",
44,Fri Jan 26 10:46:56 +0000 2018,"Walikota Pekanbaru DR.H.Firdaus,ST,MT Soft Opening RSUD Kota Pekanbaru https://t.co/z1X1ZFUiUf",
45,Thu Nov 20 13:39:19 +0000 2014,"#Feito_Tuta_Bueno'â¥] Pekanbaru siagakan Puskesmas antisipasi banjir: Dinas Kesehatan Kota Pekanbaru, Pr... http://t.co/RRF8vKajml â¦â¥",
46,Sun Oct 02 14:00:09 +0000 2016,https://t.co/nCuSCZOpx4  Kepala BPMKB Kota Pekanbaru Legalkan Pungutan di Posyandu https://t.co/HMqDO097pQ,
47,Tue Jun 12 01:27:07 +0000 2018,Dinas Kesehatan Kota Pekanbaru menerbitkan kebijakan operasional Pusat Kesehatan Masyarakat (Puskesmas) selama 24 jâ¦ https://t.co/HGmFn65VTU,"Dinas Kesehatan Kota Pekanbaru menerbitkan kebijakan operasional Pusat Kesehatan Masyarakat (Puskesmas) selama 24 jam pada libur Idul Fitri 1439 Hijriyah

#infoPKU #Pekanbaru #lebaranPKU https://t.co/KMdhK12Zgl"
48,Sun Dec 11 03:09:55 +0000 2016,"Selamat hari minggu ma, pa. Sehat terus ya inong among.â¦ (w/ Mama &amp; Papa at Gereja HKBP Kota Pekanbaru) [pic] â https://t.co/Jj8VOWd7Fv",
49,Mon Apr 30 05:22:31 +0000 2018,"Jadi Salah Satu Penyakit Mematikan di Indonesia, Prodia Ajak Para Wanita di Kota Pekanbaru ... https://t.co/SjCQnnK1He",
50,Fri Apr 28 17:48:06 +0000 2017,Penderita DBD di Kota Pekanbaru Terus Meningkat https://t.co/Esp4sDwK04 https://t.co/tkdP0QVdgG,
51,Thu Jun 30 14:19:38 +0000 2016,"Klaim Diskes Pekanbaru, Vaksin di 20 Puskesmas Kota Pekanbaru Aman Alias Tak Ada Yang Palsu https://t.co/KjRlxPFGlu",
52,Thu Oct 08 01:19:45 +0000 2015,asap !! senam jalan terooooos biar sehatðððª (at Kantor Dinas Pendapatan Daerah Kota Pekanbaru) [pic] â https://t.co/ftGdE1Dyxn,
53,Mon Sep 26 07:28:46 +0000 2016,"Dokter Gigi Gadungan jadi Tersangka Tunggal, Polisi Selidiki Praktik Dokter Ilegal Lainnya di Kota Pekanbaru https://t.co/8rpv42uhS8",
54,Sat Nov 23 04:16:55 +0000 2013,Dinas terakhir ððð (at Puskesmas Limapuluh Kota Pekanbaru) â https://t.co/ftLFwNiB8j,
55,Tue Sep 03 16:00:18 +0000 2013,Opp yaa sehat yaa :) RT @yayaRahmawaty: RT @iu_hidayat: Nikmati kerja malam di ujung kota pekanbaru,
56,Tue Sep 17 00:41:12 +0000 2013,At Puskesmas Limapuluh Kota Pekanbaru â https://t.co/RFPsslSzHH,
57,Mon Jan 13 22:51:33 +0000 2020,"Mohon konfirmasi
BPJS di RS Jiwa di kota Pekanbaru untuk pengobatan jalan dllnya..dipungut bayaran Info dr RS..BPJSâ¦ https://t.co/WNzew945uh","Mohon konfirmasi
BPJS di RS Jiwa di kota Pekanbaru untuk pengobatan jalan dllnya..dipungut bayaran Info dr RS..BPJS belum diberlakukan..ini sangat memberatkan masyarakat berobat semantara iuran BPJS tetap dibayar"
58,Fri Feb 19 09:08:19 +0000 2016,Wali Kota Pekanbaru: Status Kejadian Luar Biasa Demam Berdarah Belum Bisa Ditetapkan https://t.co/eYObbgTMFz,
59,Thu Aug 14 03:22:02 +0000 2014,Sakit loh ððð (at PM MUTU Kota Pekanbaru ) [pic] â https://t.co/YdyNp3pYIb,
60,Fri Apr 03 08:30:06 +0000 2015,"Tak Ada Anggaran, 10 Mobil Ambulance Rusak Mangkrak di Dinkes Pekanbaru: Kepada Dinas kesehatan Kota Pekanbaru... http://t.co/Y4jQA76IwK",
61,Tue Mar 11 21:56:20 +0000 2014,"Pekanbaru KLB penyakit akibat asap: Kota Pekanbaru, Provinsi Riau, kini tercatat berada dalam Kejadian Luar Bi... http://t.co/HhRhmh2trV",
62,Fri Feb 19 08:01:49 +0000 2016,Wako Pekanbaru Minta Jalankan Program 3 M untuk Atasi DBD: Wali Kota Pekanbaru DR Firdaus MT mengingatkan masy... https://t.co/RXs145VIx1,
63,Mon Jul 04 09:38:42 +0000 2016,"Selama Lebaran, RS dan Puskesmas Harus Standby 24 Jam: Puskesmas dan rumah sakit di Kota Pekanbaru, tetap mem... https://t.co/SIj4yqvscM",
64,Fri Oct 24 09:26:03 +0000 2014,"#TuitPekanbaru 'Riau Punya 2 Ribu Dokter, Tapi Bertumpuk di Pusat Kota' #Pekanbaru #Tuit",
65,Thu Jan 03 00:13:01 +0000 2019,Pembunuhan Sadis di Siak Dipicu Sakit Hati Hanya Dibantu Rp 5 Juta untuk Nikah - https://t.co/dRjTcgrdwbâ¦ https://t.co/ufcfc1TLlm,Pembunuhan Sadis di Siak Dipicu Sakit Hati Hanya Dibantu Rp 5 Juta untuk Nikah - https://t.co/dRjTcgrdwb https://t.co/9r0zGTdULh https://t.co/g6Ij3KG7bP
66,Sat May 02 02:02:35 +0000 2015,"Selamat ulang tahun Pak @firdaus_stmt Smg panjang umur, sehat sll &amp; memimpin kota Pekanbaru dg baik.",
67,Mon Sep 21 00:12:47 +0000 2020,"Pasien Covid-19 Terus Bertambah, RS di #Pekanbaru Kewalahan Obat dan Ruangan Penuh

Rumah sakit rujukan penangananâ¦ https://t.co/iZnOAs5CIX","Pasien Covid-19 Terus Bertambah, RS di #Pekanbaru Kewalahan Obat dan Ruangan Penuh

Rumah sakit rujukan penanganan #Covid-19 di Kota Pekanbaru mulai kewalahan menangani lonjakan pasien baru. Ruang isolasi penuh dan obat-obatan yang dibutuhkan mulai langka. https://t.co/2oBsQp53A9"
68,Sun Dec 20 14:20:46 +0000 2020,"ð
""Ahmad S Udi, salah satu penyintas covid-19 dari kota Pekanbaru,Â Riau.

Covid-19, tak hanya memapar Ahmad tapi juâ¦ https://t.co/eGljREjN8s","ð
""Ahmad S Udi, salah satu penyintas covid-19 dari kota Pekanbaru, Riau.

Covid-19, tak hanya memapar Ahmad tapi juga 18 anggota keluarganya yang lain termasuk ibu, 2 anak dan istrinya.

Bahkan nyawa 2 saudaranya tak tertolong saat dirawat di rumah sakit."" https://t.co/4xGcCCL5qn"
69,Fri Feb 09 08:35:12 +0000 2018,Pemerintah Kota Pekanbaru Berhasil Bangun lalu Resmikan Rumah Sakit Daerah untuk Warganya; Ibarat Mimpi Jadi Nyata https://t.co/vap0l1fPjC,
70,Sun Oct 02 12:53:48 +0000 2016,"(TribunPekanbaru ) Warga Keluhkan Pungutan di Posyandu, Ini Tanggapan Kadiskes Kota Pekanbaru https://t.co/nznh1jpB84 #BeritaRiau",
71,Wed Sep 26 04:45:20 +0000 2018,Penjual Obat Peninggi Badan Di Kota Pekanbaru âÂ Riau https://t.co/XsvHTyJlmf https://t.co/WiFij9HmHP,
72,Thu Dec 19 01:21:14 +0000 2013,At Puskesmas Limapuluh Kota Pekanbaru â https://t.co/LUXCCulF3M,
73,Wed Dec 20 03:27:42 +0000 2017,Pelayanan RSUD Klas C Takkan Maksimal DPRD: https://t.co/Miy4CEMBIM - Anggota DPRD Kota Pekanbaru Herwan Nasriâ¦â¦ https://t.co/iEjDjAVpes,Pelayanan RSUD Klas C Takkan Maksimal DPRD: https://t.co/Miy4CEMBIM - Anggota DPRD Kota Pekanbaru Herwan Nasriâ¦ https://t.co/iTVkMxSSjv #riaupos #riau
74,Sat Aug 31 10:19:22 +0000 2019,Penghentian kala itu merujuk pada penetapan status siaga darurat kabut asap di Kota Pekanbaru. CFD saat kabut asapâ¦ https://t.co/vodVTbeH5t,Penghentian kala itu merujuk pada penetapan status siaga darurat kabut asap di Kota Pekanbaru. CFD saat kabut asap tebal dinilai malah akan membuat masyarakat sakit
75,Sun Oct 02 13:01:39 +0000 2016,"Warga Keluhkan Pungutan di Posyandu, Ini Tanggapan Kadiskes Kota Pekanbaru https://t.co/YvO7G5wLAW (TribunPekanbaru)",
76,Sun Mar 09 03:16:26 +0000 2014,"Udara Pekanbaru sangat tidak sehat akibat asap: Kualitas udara di Kota Pekanbaru kini dalam status ""Sangat ... http://t.co/KswR6bWCwg RT",
77,Wed Aug 07 03:42:42 +0000 2019,PEKANBARU (HR)- Dinas Kesehatan Kota Pekanbaru menginstruksikan kepada pihak Puskesmas agar memaksimalkan layanan tâ¦ https://t.co/40fyT9zu7F,"PEKANBARU (HR)- Dinas Kesehatan Kota Pekanbaru menginstruksikan kepada pihak Puskesmas agar memaksimalkan layanan termasuk menjadikannya sebagai tempat evakuasi masyarakat yang terdampak kabut asap.

https://t.co/gvwojdNFck"
78,Thu Nov 20 13:34:58 +0000 2014,"Pekanbaru siagakan Puskesmas antisipasi banjir: Dinas Kesehatan Kota Pekanbaru, Provinsi Riau, telah menyiagak... http://t.co/832Do2apV7",
79,Wed Sep 11 01:33:10 +0000 2019,"Sejak Juli hingga September 2019, kebakaran hutan dan lahan masih terjadi di Provinsi Riau. Kualitas udara di Kotaâ¦ https://t.co/g24TGJitPR","Sejak Juli hingga September 2019, kebakaran hutan dan lahan masih terjadi di Provinsi Riau. Kualitas udara di Kota Pekanbaru sudah tidak sehat, warga sudah terjangkit saluran pernapasan atau ISPA dan terhentinya aktifitas belajar di sekolah. https://t.co/LhtW9VcQEK https://t.co/N72K8kpJq0"
80,Tue Apr 24 09:32:33 +0000 2018,RSUD Tengku Rafian Siak Menuju Akreditasi SNARS https://t.co/8eJB2OJYQt https://t.co/LW4QlCWwfo,
81,Mon Jul 07 01:01:57 +0000 2014,At Puskesmas Limapuluh Kota Pekanbaru â https://t.co/E2xhCf0Uyh,
82,Sun Jan 19 01:21:14 +0000 2014,"RSJ Pekanbaru Siapkan Belasan Kamar Tampung Caleg Depresi: Rumah Sakit Jiwa (RSJ) Tampan di Kota Pekanbaru, Ri... http://t.co/BgwpuxAt4D",
83,Wed Sep 17 13:58:03 +0000 2014,Udara Kota Pekanbaru tak Sehat via @metro_tv http://t.co/rudqFYlBZ0,
84,Thu Nov 20 15:00:05 +0000 2014,"#berita Dinas Kesehatan Kota Pekanbaru, Provinsi Riau, telah menyiagakan seluruh puskesmas setempat untuk meng... http://t.co/QiSpqrUgy9",
85,Fri Oct 11 00:38:34 +0000 2013,At Puskesmas Limapuluh Kota Pekanbaru â https://t.co/H57UYqkGSu,
86,Wed Nov 06 05:57:04 +0000 2019,50 Persen Lebih Peserta Mandiri di Kuansing Menunggak Bayar BPJS Kesehatan https://t.co/DwXyktqFKZ,
87,Fri Jul 18 08:37:29 +0000 2014,Keluarga besar 50 (at Puskesmas Limapuluh Kota Pekanbaru) [pic] â https://t.co/9Jwr0vrrHK,
88,Tue Jan 27 15:04:15 +0000 2015,"Pertama di Riau, Wali Kota Pekanbaru Launching Puskesmas se-Pekanbaru Resmi Gunakan Pola BLUD Melayani Pasien 24 Jam http://t.co/0eV4IlQfIs",
89,Sun Feb 28 20:18:43 +0000 2016,"Pemko Lelang Jabatan Kapus, Dewan: Jangan Ada Dokter Impor: PEKANBARU-Kebijakan Pemerintah Kota Pekanbaru memb... https://t.co/L7MjKI1pNh",
90,Thu Nov 20 13:50:52 +0000 2014,"Pekanbaru siagakan Puskesmas antisipasi banjir: Dinas Kesehatan Kota Pekanbaru, Provinsi Riau, telah menyiagakan seluruh puskesmas se...",
91,Thu May 10 12:32:00 +0000 2018,"Laki-laki Dominan Terserang DBD di Pekanbaru, Terbanyak Anak Usia Hingga 9 Tahun: Laki-laki mendominasi terserang pâ¦ https://t.co/okknQhzfY0","Laki-laki Dominan Terserang DBD di Pekanbaru, Terbanyak Anak Usia Hingga 9 Tahun: Laki-laki mendominasi terserang penyakit Demam Berdarah Dengue (DBD) di Kota Pekanbaru hingga bulan April 2018. https://t.co/Q9I5uUhUIJ https://t.co/J93cqhjkp1"
92,Fri Aug 10 08:57:02 +0000 2018,Begini Kronologi Penangkapan Pelaku Pemerkosaan Bidan Desa di Ukui https://t.co/VCXxav1G5w,
93,Mon Feb 10 03:16:16 +0000 2014,"Dinkes Pekanbaru Bagikan Ribuan Masker: http://t.co/trVSZRKIfO, PEKANBARU -- Dinas Kesehatan Kota Pekanbaru mem... http://t.co/RoDKoLE9WW",
94,Sat Oct 10 13:26:24 +0000 2015,"Indikator PM-10 di kota pekanbaru naik lagi jd 259.34 di level 'sangat tidak sehat'.. pdhl seharian td mulai menipis, akt. wrga sdh normal",
95,Fri Aug 30 08:47:30 +0000 2013,"Cuaca Di Pekanbaru Tidak Sehat Akibat Kabut Asap: Pekanbaru, Riau
Kualitas udara di kota Pekanbaru, Riau semak... http://t.co/ohP9sefi3e",
96,Fri Mar 07 14:00:40 +0000 2014,"Cowonya sakit jiwa -__-"" RT @Kota_Pekanbaru: Mahasiswi Ini Babak Belur Dipukul Pacar Pakai Senapan Angin http://t.co/84TqpcKZU0 - TribunNews",
97,Wed Jul 18 15:57:39 +0000 2018,"Dalam rangka HUT IBI ke 67ð 
Pc Ikatan Bidan Indonesia (IBI) kota pekanbaruð©ð»ââï¸harapan kami semoga urusan dalam meâ¦ https://t.co/L7SpB1EXAQ","Dalam rangka HUT IBI ke 67ð 
Pc Ikatan Bidan Indonesia (IBI) kota pekanbaruð©ð»‍âï¸harapan kami semoga urusan dalam mengurus ini itu dimudahkan, dan semakin disejahterakan. Amin ð #midwifery"
98,Sun Jun 11 11:00:08 +0000 2017,BPJS Ketenagakerjaan Kota Pekanbaru Bersama PKPU HI Riau Ajak Anak Yatim Belanja di Transmart https://t.co/BWBm27SL9u,
99,Mon Nov 09 03:23:03 +0000 2015,@aytingnew92 halo kak ayu... Pa kbr? Moga sehat selalu y kak... Kpn nich main ke kota pekanbaru? ð,
100,Thu Nov 07 01:00:55 +0000 2013,At Puskesmas Limapuluh Kota Pekanbaru â https://t.co/FzvhQwJoPc,
101,Tue Aug 20 01:35:12 +0000 2019,"Assalamualaikum Gaaeeesss???
Bismillah...
Direntalkan Mobil Tahun Tinggi dan Bebas Penyakit!!!
Bagi teman sejawat dâ¦ https://t.co/9iyRqksJu9","Assalamualaikum Gaaeeesss???
Bismillah...
Direntalkan Mobil Tahun Tinggi dan Bebas Penyakit!!!
Bagi teman sejawat dan bapak ibu yg membutuhkan transportasi selama di Kota Pekanbaru, Riau
Silahkan Call Admin ARC... https://t.co/3VxGcgNlDq"
102,Mon Mar 24 00:45:36 +0000 2014,At Puskesmas Limapuluh Kota Pekanbaru â https://t.co/3jSbQDChbm,
103,Thu May 22 01:00:52 +0000 2014,At Puskesmas Limapuluh Kota Pekanbaru â https://t.co/2Ym9cXd2R3,
104,Fri Jun 21 01:15:18 +0000 2013,"@Kota_Pekanbaru kabut asap, kualitas udara ga sehat",
105,Tue Apr 04 00:50:39 +0000 2017,"Promosi Doktor, Kemenag Kota Pekanbaru Syukuran
https://t.co/uAX9qWDddf https://t.co/QuZ2874Hd7",
106,Sat Sep 21 14:50:43 +0000 2019,"Kualiatas udara kota pekanbaru update pukul 21.45 dalam level SANGAT TIDAK SEHAT menuju BERBAHAYA ð¢ð¢
Tetap semangatâ¦ https://t.co/pxzSjvfnrn","Kualiatas udara kota pekanbaru update pukul 21.45 dalam level SANGAT TIDAK SEHAT menuju BERBAHAYA ð¢ð¢
Tetap semangat  dan berdoa yang terbaik ya gaes ððð https://t.co/nBdCNUfRPs"
107,Fri Nov 13 16:34:58 +0000 2020,Rumah Sakit apung (RSA) Nusa Waluya II milik lembaga nirlaba Doctor Share memilih untuk segera meninggalkan Kota Peâ¦ https://t.co/3ItdKjWCJU,"Rumah Sakit apung (RSA) Nusa Waluya II milik lembaga nirlaba Doctor Share memilih untuk segera meninggalkan Kota Pekanbaru setelah sel
Sumber: https://t.co/2E2itVo5Ij
#infoPKU #Pekanbaru #rumahsakitapungnusawaluya2 https://t.co/3smOXH7rwz"
108,Tue Mar 11 22:24:11 +0000 2014,"Pekanbaru KLB penyakit akibat asap: Kota Pekanbaru, Provinsi Riau, kini tercatat berada dalam Kejadian Luar Bi... http://t.co/jQs7wxgNh1",
109,Sat May 18 09:19:38 +0000 2019,"Sehat terus bapak. Alhamdulillah, semoga aktivitasnya di kota Pekanbaru berjalan dengan baik dan lancar. Aamiin ð https://t.co/m9wcOlAecr",
110,Mon Feb 24 00:51:18 +0000 2014,"Anak sekolah diliburkan,libur juga ah (at Puskesmas Limapuluh Kota Pekanbaru) â https://t.co/YrNzSL7b3E",
111,Fri Jan 23 09:23:25 +0000 2015,Puskesmas 24 Jam di Kota Pekanbaru Dinilai Belum Siap http://t.co/2cZsPfje4d,
112,Thu Nov 20 13:32:47 +0000 2014,"Pekanbaru siagakan Puskesmas antisipasi banjir: Dinas Kesehatan Kota Pekanbaru, Provinsi Riau, telah menyiagak... http://t.co/dHfFMVAWyk",
113,Sat Sep 27 20:28:21 +0000 2014,RSUD Kota Pekanbaru Belum Ada http://t.co/o2mfSHbYWX #OpiniRiau,
114,Tue Nov 27 05:54:16 +0000 2018,I've just posted a new blog: Bidan Desa Bernama Christina Simamora Hadiri Seminar Bertaraf Internasional Di Kota Peâ¦ https://t.co/gHxgwubRei,I've just posted a new blog: Bidan Desa Bernama Christina Simamora Hadiri Seminar Bertaraf Internasional Di Kota Pekanbaru  https://t.co/yMgyD1ssET
115,Wed Sep 21 10:23:34 +0000 2016,"Ditanya soal DBD, Kadiskes Kota Pekanbaru Malah ""Ngacir"" https://t.co/AhjYVzW5P6 #Riau https://t.co/oTymfEROgu",
116,Fri Apr 26 10:28:09 +0000 2019,"@jokowi Angga Maulana (10 tahun), anak yatim piatu menderita sakit pembengkakan jantung.  
Saat ini tinggal denganâ¦ https://t.co/985Cf7EVcr","@jokowi Angga Maulana (10 tahun), anak yatim piatu menderita sakit pembengkakan jantung.  
Saat ini tinggal dengan neneknya di jl ciptakarya Perumahan Odrimari RW 26 Kel Sialangmunggu kec Tampan Kota Pekanbaru Riau.
Info oleh Abdi umar koto https://t.co/RAZmRVrtmV"
117,Tue Aug 28 02:11:04 +0000 2018,30 Persen Rumah Sakit di Riau Belum Miliki Layanan BPJS Kesehatan https://t.co/wkJArfopbY,
118,Thu Nov 20 13:28:48 +0000 2014,"Pekanbaru siagakan Puskesmas antisipasi banjir: Dinas Kesehatan Kota Pekanbaru, Provinsi Riau, telah menyia... http://t.co/lyurQrhgVN RT",
119,Wed Mar 13 15:21:06 +0000 2019,"@marierteman saya bangga dengan jadi warga riau &amp; kota Pekanbaru khusus nya, semoga kemenangan nantinya kita bisa pâ¦ https://t.co/hip56jvGcn","@marierteman saya bangga dengan jadi warga riau &amp; kota Pekanbaru khusus nya, semoga kemenangan nantinya kita bisa permalukan lembaga survei abal-abal yg selalu merndah kan akal sehat.
#RiauPastiPrabowoSandi 
#2019PrabowoPresidenRI"
120,Mon Jan 30 22:48:29 +0000 2017,"Data Resmi Puskesmas di Kota Pekanbaru Provinsi Riau Republik Indonesia, Lengkap dan Reliable https://t.co/9jMuvbPlSB",
121,Tue Jun 23 07:54:33 +0000 2020,"Bendahara Camat Bukit Raya Positif Corona, Wali Kota Pekanbaru Perintahkan Dinkes Rapid Test Kepala BPKAD dan Pegawâ¦ https://t.co/I7hJwQVLru","Bendahara Camat Bukit Raya Positif Corona, Wali Kota Pekanbaru Perintahkan Dinkes Rapid Test Kepala BPKAD dan Pegawai Inspektorat https://t.co/bOQNRMvLWN https://t.co/8IFWNCI8cm"
122,Fri Apr 05 03:26:47 +0000 2019,"Inilah kepolosan dari Pasien Gangguan Jiwa saat ikut simulasi Pemilu 

https://t.co/wCtmjXG18r",
123,Fri Feb 09 06:34:10 +0000 2018,Pemerintah Kota Pekanbaru Berhasil Bangun lalu Resmikan Rumah Sakit Daerah untuk Warganya; Ibarat Mimpi Jadi Nyata https://t.co/NK42s8Lb6l,
124,Tue Apr 05 05:57:53 +0000 2016,"PPNI KOTA PEKANBARU GELAR KEGIATAN SEMINAR KESEHATAN: Pekanbaru, PPNI (Persatuan Perawat Nasional Indonesia) k... https://t.co/czo3IaggFq",
125,Wed Oct 07 09:17:01 +0000 2015,Realisasi Pembangunan Fisik RSUD Kota Pekanbaru Capai 60 Persen http://t.co/jxEqncsAou,
126,Fri Sep 13 06:07:27 +0000 2019,"Gak muluk2, aku hanya minta doa dari kalian para mutualku supaya kota2 yang sedang dilanda kabut asap terutama kotaâ¦ https://t.co/rH1vZcc51m","Gak muluk2, aku hanya minta doa dari kalian para mutualku supaya kota2 yang sedang dilanda kabut asap terutama kota Pekanbaru dan Sampit segera turun hujan deras ð­ð­

Aku yang gak punya riwayat penyakit paru2 aja sesek, apalagi yang punya ð­ð­
Mataku juga udah mulai iritasi ð­ https://t.co/lP9JQT8vgy"
127,Tue Mar 14 22:47:09 +0000 2017,"Korban DBD di Kota Pekanbaru Terus Berjatuhan, Jumlahnya Kian Bertambah Dari Pekan ke Pekan https://t.co/SImORgcEPm https://t.co/wVIEqZMAcm",
128,Mon Jul 15 04:19:21 +0000 2019,TIM RESCUER Kota Pekanbaru Evakuasi pohon tumbang di dua titik (Hotel Arya Duta &amp; RSUD AA ) akibat cuaca extrime miâ¦ https://t.co/qwvNjGonck,"TIM RESCUER Kota Pekanbaru Evakuasi pohon tumbang di dua titik (Hotel Arya Duta &amp; RSUD AA ) akibat cuaca extrime minggu pagi 14-7-2019
#SembiringMeliala
#KasieRescuer
#Salamtangguh https://t.co/vGE8b3ijC6"
129,Sat May 18 09:19:38 +0000 2019,"Sehat terus bapak. Alhamdulillah, semoga aktivitasnya di kota Pekanbaru berjalan dengan baik dan lancar. Aamiin ð https://t.co/m9wcOlAecr",
130,Fri Aug 30 08:52:23 +0000 2013,"Cuaca Di Pekanbaru Tidak Sehat Akibat Kabut Asap: Pekanbaru, Riau
Kualitas udara di kota Pekanbaru, Riau semak... http://t.co/X9hsQcFGVt",
131,Sun Mar 09 03:19:22 +0000 2014,Udara Pekanbaru sangat tidak sehat akibat asap: Kualitas udara di Kota Pekanbaru kini dalam status... http://t.co/YLWqtK5o0f Antara News,
132,Thu Nov 20 13:39:21 +0000 2014,"#Feito_Tuta_Bueno'â¥] Pekanbaru siagakan Puskesmas antisipasi banjir: Dinas Kesehatan Kota Pekanbaru, Pr... http://t.co/ctW5DbzYo0 â¦â¥",
133,Sun Oct 13 05:06:15 +0000 2019,"Apakah ini tanda-tanda Politik tak sehat di Riau? Memperebutkan kue kekuasaan, bukan apa diberikan ke wakilnya...

https://t.co/hUVoUX8X7m",
134,Thu Mar 26 04:57:08 +0000 2020,"Suasana saat ini di UTD PMI Kota Pekanbaru, stok darah sangat menipis ðð­
.
Terima kasih bagi pendonor yg tetap mendâ¦ https://t.co/HUOWcQ74IZ","Suasana saat ini di UTD PMI Kota Pekanbaru, stok darah sangat menipis ðð­
.
Terima kasih bagi pendonor yg tetap mendonorkan darahnya walaupun kondisi seperti ini. karena disisi lain para pasien di rumah sakit tetapâ¦ https://t.co/mvPwW6ZBf1"
135,Mon Aug 28 05:06:33 +0000 2017,"Alhamdulillah, Rp 11 Juta Biaya Pengobatan Alhafizi Ditanggung Jamkesda: RSUD Arifin Achmad Pekanbaru menyatakanâ¦ https://t.co/j1GplNnBDP",
136,Fri Feb 09 11:18:09 +0000 2018,"Ibarat Mimpi Jadi Nyata, Kota Pekanbaru Akhirnya Mempunyai Rumah Sakit Daerah âMadaniâ https://t.co/OMvSGIYdL3",
137,Wed Sep 17 08:32:57 +0000 2014,Udara Kota Pekanbaru takÂ Sehat http://t.co/SjFmQBXV2O,
138,Fri Aug 30 08:50:27 +0000 2013,"Cuaca Di Pekanbaru Tidak Sehat Akibat Kabut Asap: Pekanbaru, Riau
Kualitas udara di kota Pekanbaru, Riau semak... http://t.co/OKCqh5NCwh",
139,Thu Feb 08 19:09:36 +0000 2018,Setelah Belasan Tahun Akhirnya Kota Pekanbaru Miliki Rumah Sakit https://t.co/acHDX5YdSI https://t.co/Rr51ZGokAz,
140,Fri Aug 30 08:48:19 +0000 2013,"Cuaca Di Pekanbaru Tidak Sehat Akibat Kabut Asap: Pekanbaru, Riau
Kualitas udara di kota Pekanbaru, Riau semak... http://t.co/YL597jTmER",
141,Sat Dec 31 04:31:28 +0000 2016,Biaya Sekolah Tinggi dan Maraknya DBD: Dunia pendidikan di Kota Pekanbaru selama 2016 masihâ¦ https://t.co/SjIKsnCYhN #riaupos #riau,
142,Mon Dec 28 16:25:33 +0000 2015,Jumlah Penderita DBD di Kota Pekanbaru Meningkat Dibandingkan Tahun 2014 Lalu https://t.co/mW2LGcqLUs,
143,Fri Feb 09 08:09:46 +0000 2018,Akhirnya Kota Pekanbaru Bisa Membangun Rumah Sakit https://t.co/P5jhNnqqZI https://t.co/Z9DHK4fDQi,
144,Fri Jul 28 03:15:17 +0000 2017,"I Love My Profession â¤
.
.
#bidan#bidanindonesia#akubidan#akubangga @ Di Kota Pekanbaru Riau https://t.co/rJmFYITFR4",
145,Wed Mar 27 16:56:11 +0000 2019,"@rockygerung Terima kasih bang utk akal sehat nya tadi di kota pekanbaru..
Ditunggu kedatangannya lagi..
Salam akal sehat! ð",
146,Sun Mar 09 03:17:18 +0000 2014,"Udara Pekanbaru sangat tidak sehat akibat asap: Kualitas udara di Kota Pekanbaru kini dalam status ""Sangat Tid... http://t.co/22agjrjQnW",
147,Mon Jan 11 16:26:06 +0000 2016,Sudah 36 Korban DBD se-Kota Pekanbaru https://t.co/G9iwxCb8ca #RIAU,
148,Mon Jan 20 16:20:38 +0000 2020,"Lanjut ke rumah bu Kadisdukcapil Kota Pekanbaru, mendarat manis 3 dus Milagros..

Semoga bu Kadis dan keluarga selaâ¦ https://t.co/orVgQHkBvi","Lanjut ke rumah bu Kadisdukcapil Kota Pekanbaru, mendarat manis 3 dus Milagros..

Semoga bu Kadis dan keluarga selalu sehat, aamiin..

Info produk &amp;â¦ https://t.co/yXeP4MunIH"
149,Fri Jun 22 01:12:44 +0000 2018,"Finalis All Voting SBI MEMBERS of the years 2018 

Nama : Deden Nursidik
Usia : 24
Kota : Pekanbaru
Profesi : Dokteâ¦ https://t.co/tUXtDX23bD","Finalis All Voting SBI MEMBERS of the years 2018 

Nama : Deden Nursidik
Usia : 24
Kota : Pekanbaru
Profesi : Dokter Hewan

nilai 50 - 100 https://t.co/QQePT0NJqj"
150,Tue Apr 24 06:21:28 +0000 2018,RSUD Tengku Rafian Siak Menuju Akreditasi SNARS https://t.co/UoMkuNQ76M https://t.co/aopJE4JuGP,
151,Thu Jun 02 12:16:36 +0000 2016,Pembangunan RSUD Kota Pekanbaru Terkendala Anggaran https://t.co/nCNbnTercl â¢ Riau Pos,
152,Tue Jul 28 07:08:06 +0000 2015,"Perhatian-perhatian, Udara Kota Pekanbaru dalam Level Tidak Sehat http://t.co/jNtOQFM7hO http://t.co/FUdKVMSdSA",
153,Tue Mar 11 23:05:29 +0000 2014,"Pekanbaru KLB penyakit akibat asap: Kota Pekanbaru, Provinsi Riau, kini tercatat berada dalam Kejadian Luar Bi... http://t.co/Y02q96RbyO",
154,Thu Feb 08 19:09:36 +0000 2018,Setelah Belasan Tahun Akhirnya Kota Pekanbaru Miliki Rumah Sakit https://t.co/acHDX5YdSI https://t.co/Rr51ZGokAz,
155,Mon Oct 01 12:01:17 +0000 2018,"Lazismu Pekanbaru menerima bantuan kursi roda dari Ikatan Dokter Indonesia, Persatuan Dokter Umum Indonesia, dan KPâ¦ https://t.co/uTf6mzsyrT","Lazismu Pekanbaru menerima bantuan kursi roda dari Ikatan Dokter Indonesia, Persatuan Dokter Umum Indonesia, dan KPJ Klang untuk Rumah Singgah Pasien Kota Pekanbaru. Yuk berdonasi bersama Lazismu di https://t.co/9vkAOUBzGl #AksiBersamaUntukSesama #ZakatHebat https://t.co/Jdtjyk9tvm"
156,Wed Sep 17 08:26:47 +0000 2014,@mrbodel OKSIGEN tercemar partikel debu dan mengakibatkan banyak warga terserang penyakit infeksi salu... http://t.co/71wN6QcWvd *intrns,
157,Tue Sep 10 01:12:13 +0000 2019,"Asap makin pekat di kota Pekanbaru, kepala sakit, tenggorokan kering dan gatal, mata merah, nafas sesak https://t.co/ve0VhFAohB",
158,Thu Mar 29 03:31:50 +0000 2018,Penyerahan cinderamata dari Plt. Ka. Dinkes Kota Pekanbaru kepada Sekdin @dinkeskotabdg usai diskusi dan tanya jawaâ¦ https://t.co/yC6LbkWkNM,Penyerahan cinderamata dari Plt. Ka. Dinkes Kota Pekanbaru kepada Sekdin @dinkeskotabdg usai diskusi dan tanya jawab seputar Renstra dan inovasi-inovasi Dinas Kesehatan Kota Bandung (29/3) @ritaverita167 @NinaManarosana @HumasBdg @DiskominfoBdg https://t.co/g2Zq82xitb
159,Fri Jul 22 02:38:13 +0000 2016,"Mau sehat ? gampang dan praktis bisa dilakukan dirumah bersama ""Nikita Jogging"" cc @Kota_Pekanbaru https://t.co/ZHy6rp0KJp",
160,Mon Jul 21 06:16:11 +0000 2014,LPSE Pekanbaru â SDP LKPP untuk LPSE Kota Pekanbaru: Pembangunan IPAL Puskesmas BAK equalisasi dan bangunanâ¦ http://t.co/9TWs5udM0p,
161,Wed Mar 19 01:24:08 +0000 2014,At Puskesmas Limapuluh Kota Pekanbaru â https://t.co/54XuzBXNVp,
162,Sun Sep 15 03:47:24 +0000 2019,"Pemerintah Propinsi Riau Membuka Posko Penanggulangan asap di Seluruh Puskesmas di kota Pekanbaru

@senkompusatâ¦ https://t.co/Jdfiq4OpxI","Pemerintah Propinsi Riau Membuka Posko Penanggulangan asap di Seluruh Puskesmas di kota Pekanbaru

@senkompusat  @infoRIAU  @halloriau  @binmaspoldariau https://t.co/5Z0jOggaGM"
163,Thu Nov 20 13:38:08 +0000 2014,"Pekanbaru siagakan Puskesmas antisipasi banjir: Dinas Kesehatan Kota Pekanbaru, Provinsi Riau, telah menyiagak... http://t.co/zmlsWnLPMk",
164,Fri Apr 22 19:09:27 +0000 2016,"Pemko Pekanbaru Miliki Puskesmas Wisata: 
PEKANBARU - Pemerintah Kota Pekanbaru di bawah kepemimpinan Walikot... https://t.co/dcrtNmKuos",
165,Thu Sep 19 06:54:02 +0000 2019,Korban Asap Karhutla Dirawat di RSUD Petala Bumi Kota Pekanbaru https://t.co/0fQMtON9YW,
166,Thu Apr 10 00:44:26 +0000 2014,At Puskesmas Limapuluh Kota Pekanbaru â https://t.co/LCBTmLl8AO,
167,Tue Jul 15 00:57:03 +0000 2014,At Puskesmas Limapuluh Kota Pekanbaru â https://t.co/Kdp2K9q7Tt,
168,Fri Apr 22 18:42:29 +0000 2016,"Pemko Pekanbaru Miliki Puskesmas Wisata: 
PEKANBARU - Pemerintah Kota Pekanbaru di bawah kepemi... https://t.co/p2PRSwHS8f (Via Riaupos)",
169,Sun Oct 02 14:05:16 +0000 2016,"(TribunPekanbaru ) Kepala BPMKB Kota Pekanbaru Legalkan Pungutan di Posyandu, Ini Alasannya https://t.co/1WWLEWC0TO #BeritaRiau",
170,Thu Dec 19 04:28:14 +0000 2013,"Kaporisasi (with Desni, tri, and 4 others at Puskesmas Limapuluh Kota Pekanbaru) â https://t.co/azGGfrs7pg",
171,Fri Jun 20 05:17:34 +0000 2014,Dinas Pendidikan Kota Pekanbaru Pinta Masyarakat dapat bersaing secara sehat. http://t.co/pOHRm06hNq,
172,Fri Oct 05 20:22:37 +0000 2018,"Aplikasi Halodoc Kini Bisa Dinikmati di Kota Pekanbaru, Cara Mudah Menebus Obat Pasien https://t.co/zCjKQSS09H https://t.co/LhCxxWFK2V",
173,Fri Jul 18 07:42:46 +0000 2014,Tempat I'tikaf Kota Pekanbaru: Masjid RSUD Arifin Achmad Jl.Diponegoro,
174,Thu Mar 08 14:38:30 +0000 2018,Pemerintah Kota Pekanbaru https://t.co/CP7KhaybQ7,
175,Thu Oct 09 19:12:52 +0000 2014,Apotik Sumber Sehat Lpse KotaÂ Pekanbaru http://t.co/RuNqJSP244,
176,Mon Apr 07 00:49:45 +0000 2014,At Puskesmas Limapuluh Kota Pekanbaru â https://t.co/zBJVksiQe9,
177,Mon Jan 08 16:11:52 +0000 2018,"Percepatan Administrasi, Walikota Segera Tunjuk Dirut RSUD Kota Pekanbaru https://t.co/jTxoKtgFAL",
178,Mon Apr 30 07:20:28 +0000 2018,"Masih menanti disini... Melalui suatu proses yang panjang. . . 

#KonsulPekanBaru â at RSUD Aripin Ahmad Kota Pekanâ¦ https://t.co/0VAtSyy7ai","Masih menanti disini... Melalui suatu proses yang panjang. . . 

#KonsulPekanBaru â at RSUD Aripin Ahmad Kota Pekanbaru https://t.co/pgiMxJcCXb"
179,Wed Sep 12 04:21:03 +0000 2018,"Lebih dari 100 Orang Terpapar Campak Rubella, Dinkes Riau: Dapat Dicegah https://t.co/SqLNRh2sGZ",
180,Wed Aug 14 12:40:00 +0000 2019,"10. Penyakit ISPA juga menyerang warga di Kota Pekanbaru, Provinsi Riau. Dinkes Kota Pekanbaru telah menginstruksikâ¦ https://t.co/NbxLsOw94Q","10. Penyakit ISPA juga menyerang warga di Kota Pekanbaru, Provinsi Riau. Dinkes Kota Pekanbaru telah menginstruksikan seluruh puskesmas untuk siaga melayani warga yang terserang penyakit akibat kabut asap."
181,Thu Nov 20 14:15:12 +0000 2014,"Pekanbaru siagakan Puskesmas antisipasi banjir: Dinas Kesehatan Kota Pekanbaru, Provinsi Riau, telah menyiagak... http://t.co/coccxTEFtl",
182,Fri Oct 19 13:09:13 +0000 2018,"Dibandingkan Penduduk Asli, Warga Luar Pekanbaru Lebih Banyak Terjaring Razia Pekat: Selama menggelar razia penyakiâ¦ https://t.co/ja1pX6nmPF","Dibandingkan Penduduk Asli, Warga Luar Pekanbaru Lebih Banyak Terjaring Razia Pekat: Selama menggelar razia penyakit masyarakat (pekat), Satuan Polisi Pamong Praja (Satpol PP) Pekanbaru lebih banyak menjaring warga yang berasal dari luar Kota Pekanbaruâ¦ https://t.co/WWrDuNXvBO https://t.co/F6GlFuFoLT"
183,Tue Mar 11 08:48:51 +0000 2014,INDEK STANDAR PENCEMARAN UDARA (ISPU) KOTA PEKANBARU 241 (SANGAT TIDAK SEHAT),
184,Tue Jun 23 08:38:09 +0000 2020,Wali Kota Pekanbaru Ungkap Seorang Dokter di Puskesmas Rumbai Positif Corona https://t.co/ZbvRfusqkc https://t.co/WkrROnwP5w,
185,Sun Jan 19 01:20:29 +0000 2014,"RSJ Pekanbaru Siapkan Belasan Kamar Tampung Caleg Depresi: Rumah Sakit Jiwa (RSJ) Tampan di Kota Pekanbaru, Ri... http://t.co/nxMGRy82xz",
186,Sun Mar 09 03:17:49 +0000 2014,"Udara Pekanbaru sangat tidak sehat akibat asap: Kualitas udara di Kota Pekanbaru kini dalam status ""Sangat Tid... http://t.co/d7tMg5EhLR",
187,Thu Jan 25 17:06:37 +0000 2018,"Punya 13 Layanan, Besok, RSUD Pekanbaru Di-Soft Lounching Wali Kota Pekanbaru https://t.co/BOUThXXBBO https://t.co/vJ3ksbXTGv",
188,Sun Mar 09 03:16:30 +0000 2014,"Udara Pekanbaru sangat tidak sehat akibat asap: Kualitas udara di Kota Pekanbaru kini dalam status ""Sangat Tid... http://t.co/aYAgDBhIvM",
189,Tue Jan 30 06:22:24 +0000 2018,Agen Jual Obat Telat Bulan Cytotec Di Kota Pekanbaru || 081227677373 || Agen Jual Obat Penggugur Kandungan Di Areaâ¦ https://t.co/XgeyDdOjRA,Agen Jual Obat Telat Bulan Cytotec Di Kota Pekanbaru || 081227677373 || Agen Jual Obat Penggugur Kandungan Di Area Pekanbaru https://t.co/9SsSD8AML5
190,Mon Sep 26 07:57:34 +0000 2016,"Dokter Gigi Gadungan jadi Tersangka Tunggal, Polisi Selidiki Praktik Dokter Ilegal Lainnya di Kota Pekanbaru... https://t.co/vZkqxsMdca",
191,Mon Dec 02 01:14:36 +0000 2013,At Puskesmas Limapuluh Kota Pekanbaru â https://t.co/gTwojgfmmD,
192,Sat Aug 10 13:26:32 +0000 2019,"Kabut Asap Karhutla Meningkat, Kualitas Udara Kota Pekanbaru di Level Kurang Sehat https://t.co/XII5BvYngI .. #GoRiau",
193,Mon Jan 13 01:08:31 +0000 2020,"Ratusan warga Kota Pekanbaru terserang DBD, lima meninggal dunia
https://t.co/BNfm6sU9ry https://t.co/bZIBMOsA8i",
194,Wed Aug 05 06:25:32 +0000 2020,"Pasien Positif Corona Diisolasi di Rusunawa Rejosari, Wali Kota Pekanbaru: OTG Tak Bisa Dirawat di Rumah Sakitâ¦ https://t.co/TNkroz3jQJ","Pasien Positif Corona Diisolasi di Rusunawa Rejosari, Wali Kota Pekanbaru: OTG Tak Bisa Dirawat di Rumah Sakit https://t.co/6tPlRHwy2S https://t.co/wwI09Drye1"
195,Thu Feb 18 04:14:04 +0000 2016,Pembangunan RSUD Kota Pekanbaru Sudah 40 Persen https://t.co/wMEfPO8k84,
196,Tue Jan 31 13:10:18 +0000 2017,Tahun 2017 Pembangunan Fisik RSUD Kota Pekanbaru Selesai https://t.co/s2AQlNxk6Q,
197,Fri Apr 22 18:42:31 +0000 2016,"Pemko Pekanbaru Miliki Puskesmas Wisata: 
PEKANBARU - Pemerintah Kota Pekanbaru di bawah kepemimpinan Walikot... https://t.co/V3dYCiFELW",
198,Mon Dec 07 05:12:14 +0000 2015,PNS Dinkes Kota Pekanbaru Lebam dan Memar Dihajar OTK https://t.co/mK1VuQmgEs (TribunPekanbaru),
199,Tue Sep 10 12:45:05 +0000 2019,"Penampakan Kota Pekanbaru Tertutup Kabut Asap, Kualitas Udara Tidak Sehat

https://t.co/ZXfOBGwmhh",
200,Tue Feb 18 09:50:45 +0000 2014,Kualitas Udara Kota Pekanbaru Tidak Sehat http://t.co/Xt2oV53Qj7 #RiauIndonesia,
201,Wed Sep 25 02:25:36 +0000 2019,Pemerintah Kota Pekanbaru mengeluarkan dispensasi bagi aparatur sipil negara (ASN) hamil tidak masuk ke kantor aliaâ¦ https://t.co/gAnw7OQDuU,"Pemerintah Kota Pekanbaru mengeluarkan dispensasi bagi aparatur sipil negara (ASN) hamil tidak masuk ke kantor alias libur selama kabut asap kebakaran hutan dan lahan (Karhutla) berada pada kategori tidak sehat. 
https://t.co/LzerQBbiOv
#ValidVisi #ValidNih"
202,Sat Aug 04 09:23:09 +0000 2018,"Bagi #SobatRistekdikti yg ada di sekitar Kota Pekanbaru, Riau. Yuk ikuti Jalan Sehat dalam rangka menyambut Hari Keâ¦ https://t.co/Cr9U3olpwR","Bagi #SobatRistekdikti yg ada di sekitar Kota Pekanbaru, Riau. Yuk ikuti Jalan Sehat dalam rangka menyambut Hari Kebangkitan Teknologi Nasional, hari Minggu, 5 Agustus 2018 di Jl. Gajah Mada, Kota Pekanbaru mulai pukul 06:00 WIB s.d. Selesai.

#Hakteknas23
#InovasiBangunBangsa https://t.co/EjWr0sMk5N"
203,Tue Mar 11 22:14:37 +0000 2014,"Pekanbaru KLB penyakit akibat asap: Kota Pekanbaru, Provinsi Riau, kini tercatat berada dalam Kejadian Luar Bi... http://t.co/4523ED4FUg",
204,Sun Aug 05 03:16:48 +0000 2018,Hakteknas di Riau dgn door prize Alhamdulillah penerima hadiahnya ternyata ada tak seperti 2 Minggu lalu yg jalan sâ¦ https://t.co/YUS4WoSewP,"Hakteknas di Riau dgn door prize Alhamdulillah penerima hadiahnya ternyata ada tak seperti 2 Minggu lalu yg jalan sehat di Makassar ternyata ""Pemenangnya tak ada"" 
Selamat Hakteknas 2018. â di Jalan Gajah Mada, Kota Pekanbaru https://t.co/NgO9ePfKAC"
205,Thu Apr 04 11:50:32 +0000 2019,Dinas Sosial Akan Perbaiki Data 300 Ribu Peserta Yang Tak Terlayani BPJS https://t.co/xVjHAkU2HD,
206,Fri Sep 20 06:33:11 +0000 2019,Pantauan kualitas udara kota pekanbaru siang ini masuk dalam kategori TIDAK SEHAT.  Kondisi kualitas udara siang inâ¦ https://t.co/uCWAUgXzYR,Pantauan kualitas udara kota pekanbaru siang ini masuk dalam kategori TIDAK SEHAT.  Kondisi kualitas udara siang ini lebih baik di banding hari kmrn. Semoga esok lebih baik lagi.. aamiin https://t.co/quPim23Y5d
207,Fri Feb 09 07:06:04 +0000 2018,Kota Pekanbaru Akhirnya Mempunyai Rumah Sakit Daerah âMadaniâ Ibarat Mimpi Jadi Nyata https://t.co/0QLSvg6mae,
208,Sun Mar 09 03:34:42 +0000 2014,"Kualitas udara di Kota Pekanbaru kini dalam status ""Sangat Tidak Sehat"" akibat polusi asap kebakaran hutan dan... http://t.co/QHyHEdWZ8z",
209,Wed Sep 25 03:29:34 +0000 2013,@wishyall di klinik dr kandungan di kota pekanbaru. Biayanya cm 125 ribu (dokter plus usg),
210,Mon Sep 16 09:44:23 +0000 2019,"Sebanyak 14 rumah singgah disiagakan di Kota Pekanbaru, Riau, untuk menampung korban kabut asap. Warga mendatangi râ¦ https://t.co/if2KM90Vg9","Sebanyak 14 rumah singgah disiagakan di Kota Pekanbaru, Riau, untuk menampung korban kabut asap. Warga mendatangi rumah singah untuk mendapatkan pelayanan kesehatan gratis  #MetroHariIni @Metro_TV https://t.co/33hipGakQ7 https://t.co/msBp1m0Qbw"
211,Fri Jan 26 09:47:13 +0000 2018,Firdaus Resmikan RSUD Madani Kota Pekanbaru https://t.co/20dkEsQMWc https://t.co/p0Qc8jslIT,
212,Tue Mar 11 21:55:03 +0000 2014,"Pekanbaru KLB penyakit akibat asap: Kota Pekanbaru, Provinsi Riau, kini tercatat berada dalam Kejadian Luar Bi... http://t.co/NIP5ZtNkoY",
213,Wed Jan 10 13:36:47 +0000 2018,"Akankah Tim Dokter dan KPU Riau memeriksa Pasangan Calon 
hingga ke darah dan rambut? #Pilgubri2018
https://t.co/YPTYhN0yVX",
214,Tue Apr 16 07:47:53 +0000 2019,"Hari ini, bertempat di Dinas Pertanian Dan Perikanan Kota Pekanbaru ada Pertemuan KESMAVET, yakni Kegiatan Pemelihaâ¦ https://t.co/ByLrm6iTvh","Hari ini, bertempat di Dinas Pertanian Dan Perikanan Kota Pekanbaru ada Pertemuan KESMAVET, yakni Kegiatan Pemeliharaan Kesehatan Dan Pencegahan Penyakit Menular Ternak. Kegiatan ini guna mewujudkan produk BAH/HBAH yang ASUH serta memberikan keamanan pangan protein hewani ð https://t.co/0WrG2giVLl"
215,Mon Feb 10 16:45:26 +0000 2020,âAgen Jual Obat Kuat Viagra USA Di Pekanbaru 081226621415 Kota Pekanbaru | Viagra Asli USA Obat Kuatâ¦â by Kamasutraâ¦ https://t.co/RMavT2lkDu,âAgen Jual Obat Kuat Viagra USA Di Pekanbaru 081226621415 Kota Pekanbaru | Viagra Asli USA Obat Kuatâ¦â by Kamasutra99 https://t.co/bG4xK9SYBv
216,Wed Mar 12 02:37:45 +0000 2014,"Tambah libur dong...""@firstcilia: Haha berita kabut asap ditvone kata pak dokter aja menyarankan tinggalkan kota pekanbaru dan kurangi",
217,Fri Jul 31 16:56:51 +0000 2015,Wako Cek Ketersediaan Obat: PEKANBARU  Riauindikator    Wali Kota Pekanbaru Firdaus melakukan p... http://t.co/k3C7EmIIdh #riauindikator,
218,Mon Feb 29 08:14:04 +0000 2016,BNN Pekanbaru Sosialiasi Hidup Sehat Tanpa Narkoba di CFD: Badan Narkotika Nasional (BNN) Kota Pekanbaru genca... https://t.co/UpibtHXEVq,
219,Tue Feb 10 18:47:01 +0000 2015,Kota Pekanbaru akan Segera Berlakukan Status KLB DBD http://t.co/SeAfjKUvwa,
220,Sun Mar 09 03:22:51 +0000 2014,"#NewsUpdate Udara Pekanbaru sangat tidak sehat akibat asap - Kualitas udara di Kota Pekanbaru kini dalam status ""S... http://t.co/MdM4k415aG",
221,Fri May 30 00:48:25 +0000 2014,At Puskesmas Limapuluh Kota Pekanbaru â https://t.co/UJw1JBU1uo,
222,Thu Nov 20 13:33:00 +0000 2014,"Pekanbaru siagakan Puskesmas antisipasi banjir: Dinas Kesehatan Kota Pekanbaru, Provinsi Riau, telah menyiagakan seluruh puskesmas se...",
223,Wed Nov 16 23:50:10 +0000 2016,Makanan kampung yang jarang kira rasa di Kota Pekanbaru. Ayam kampung yang tentu lebih sehat yaa tweeps hehe @bonojazzfest,
224,Thu Jan 03 00:13:03 +0000 2019,Pembunuhan Sadis di Siak Dipicu Sakit Hati Hanya Dibantu Rp 5 Juta untuk Nikah - https://t.co/onOtdtaPZHâ¦ https://t.co/MiRUGbigRv,Pembunuhan Sadis di Siak Dipicu Sakit Hati Hanya Dibantu Rp 5 Juta untuk Nikah - https://t.co/onOtdtaPZH https://t.co/gzLCemsgMF https://t.co/OmDcDaGyVK
225,Sun Sep 20 11:11:02 +0000 2015,@iskan_dahlan @cutmeichy @ulixpresi @Kota_Pekanbaru apa khabar pak semoga sehat selalu,
226,Thu Mar 24 14:37:08 +0000 2016,"Di Pekanbaru 313 orang terjangkit DBD sejak awal 2016: Dinas Kesehatan Kota Pekanbaru, Provinsi Riau mengungka... https://t.co/XQl519X167",
227,Tue Feb 28 07:45:41 +0000 2017,Tahun Depan RSUD Kota Pekanbaru Rekrut Tenaga Medis https://t.co/roA36M0F5s â¢ Hallo Riau,
228,Tue Feb 18 19:32:00 +0000 2014,Waduh! Kualitas Udara Kota Pekanbaru Tidak Sehat http://t.co/GUHjHx0UVO,
229,Thu Nov 20 13:51:34 +0000 2014,"Pekanbaru siagakan Puskesmas antisipasi banjir: Dinas Kesehatan Kota Pekanbaru, Provinsi Riau, telah menyiagak... http://t.co/pdRCWpAR43",
230,Fri Jul 15 09:27:08 +0000 2016,Wali Kota Pekanbaru Minta Pelayanan Rumah Sakit Lebih Ditingkatkan https://t.co/mWaJUJmTpy #Riau https://t.co/MFYB8LYT6J,
231,Mon Feb 09 06:56:07 +0000 2015,Walikota Pekabaru Hadiri Pengobatan Gratis BPJS Dalam Rangka Peringatan Bulan K3N Kota Pekanbaru 2015 http://t.co/tjjdy1ItQh,
232,Wed Oct 04 16:55:07 +0000 2017,Waspadaâ¦ Rupanya Masih Banyak Obat dan Kosmetik Ilegal Dijual di Kota Pekanbaru https://t.co/5TR7Sy1Spe https://t.co/EjBgQVoZg9,
233,Fri Feb 09 04:13:05 +0000 2018,"Besok, Walikota Soft Launching RSUD Madani Kota Pekanbaru https://t.co/EwxlyQFkvJ https://t.co/y5YVUiejUT",
234,Wed Jan 08 14:33:00 +0000 2020,"@BPJSKesehatanRI mohon bantuannya
Ibu saya lince pakpahan, lahir Medan, 14 juni 1957. No kartu 0001301591643. Alamaâ¦ https://t.co/GgZsYXuCnp","@BPJSKesehatanRI mohon bantuannya
Ibu saya lince pakpahan, lahir Medan, 14 juni 1957. No kartu 0001301591643. Alamat Pekanbaru, Riau. Skarang lagi di UGD RS. Eka Hospital kota Pekanbaru, lg nunggu kamar seluruh RS yg ad di Pekanbaru yg bisa BPJS. Sudah 6 jam gak ada kamar."
235,Wed Jun 17 07:14:13 +0000 2015,Kota Pekanbaru Paling Banyak Terjangkit Penyakit Kelamin http://t.co/sv3WZoL2x9 - GagasanRiau,
236,Mon Sep 16 04:12:21 +0000 2019,"Kualitas Udara di Kota Pekanbaru pada Level Tidak Sehat

#beritaPKU 
https://t.co/YwcQfaG5rb",
237,Fri Jan 03 04:29:03 +0000 2020,"Rumah Sakit Jiwa (RSJ) Tampan di Kota Pekanbaru, Riau, dihebohkan dengan ditemukannya seorang pasien tewas diduga gâ¦ https://t.co/oz3pdhqcmc","Rumah Sakit Jiwa (RSJ) Tampan di Kota Pekanbaru, Riau, dihebohkan dengan ditemukannya seorang pasien tewas diduga gantung diri. https://t.co/D2OTeoqwIw"
238,Tue Oct 08 15:41:42 +0000 2019,"Inilah BIKIN SAKIT HATI dan AMARAH MEMBUNCAH usai bakar lahan, kemudian berubah jadi kebun sawit 
@GakkumKLHKâ¦ https://t.co/fT6x5jnRyC","Inilah BIKIN SAKIT HATI dan AMARAH MEMBUNCAH usai bakar lahan, kemudian berubah jadi kebun sawit 
@GakkumKLHK @DivHumas_Polri @jokowi @SitiNurbayaLHK 
https://t.co/BYnKd8m89O"
239,Thu Jun 19 14:05:53 +0000 2014,LPSE Pekanbaru â Contoh Proposal Pengadaan Barang Kantor untuk LPSE Kota Pekanbaru: Rehab berat puskesmas senapelanâ¦ http://t.co/CnAEVSfEa1,
240,Fri Jan 11 19:40:37 +0000 2013,Mengundang penyakit datang mendiami diri di pinggir sebuah jalan Kota Pekanbaru kota kenangan,
241,Fri Feb 07 02:40:08 +0000 2014,Dinkes Riau Bagikan 10 ribu Masker di Kota Pekanbaru http://t.co/YPIOXR0sUG,
242,Tue Jan 09 07:14:06 +0000 2018,Tes Kesehatan Paslon Pilkada Riau Bakal Lebih Detail: Tes kesehatan nantinya akan bekerja sama dengan Rumah Sakit Uâ¦ https://t.co/WeEY3SIwd0,Tes Kesehatan Paslon Pilkada Riau Bakal Lebih Detail: Tes kesehatan nantinya akan bekerja sama dengan Rumah Sakit Umum Daerah (RSUD) Arifin Achmad https://t.co/XE3NwKT8Iw https://t.co/rEvcNQwTEd
243,Tue Sep 10 01:12:13 +0000 2019,"Asap makin pekat di kota Pekanbaru, kepala sakit, tenggorokan kering dan gatal, mata merah, nafas sesak https://t.co/ve0VhFAohB",
244,Wed Feb 12 00:51:53 +0000 2014,At Puskesmas Limapuluh Kota Pekanbaru â https://t.co/SkGMqm2IfM,
245,Fri Aug 30 08:41:29 +0000 2013,"Cuaca Di Pekanbaru Tidak Sehat Akibat Kabut Asap: Pekanbaru, Riau
Kualitas udara di kota Pekanbaru, Riau semak... http://t.co/4BzXF78Rmb",
246,Sat Apr 27 09:01:03 +0000 2019,"HUT ke-55 Tahun, Rutan Bagansiapiapi dan Puskesmas MoU Penanganan HIV/Aids dan TB https://t.co/yq3gT36FKw https://t.co/bR6LodDPbH",
247,Tue Jun 16 04:57:29 +0000 2020,Dinas Kesehatan (Dinkes) Kota Pekanbaru akan menggelar tes swab (pemeriksaan lendir pada saluran pernafasan) orangâ¦ https://t.co/flnydaQbKl,Dinas Kesehatan (Dinkes) Kota Pekanbaru akan menggelar tes swab (pemeriksaan lendir pada saluran pernafasan) orang dalam pemantauan (ODP) di tiga kecamatan. Pemeriksaan swab massal ini maka penjaringan kasus bisaâ¦ https://t.co/J8NPsWBF5l
248,Fri Jan 16 01:50:25 +0000 2015,RSUD Kota Pekanbaru Mulai Dibangun http://t.co/zNaBk0NQtr,
249,Thu Apr 11 06:36:11 +0000 2019,"Alhamdulillah, kantin Ponpes Dar El Hikmah meraih Juara 2, perlombaan Kantin Sehat sekota Pekanbaru yang digagas olâ¦ https://t.co/WN0abBPqyI","Alhamdulillah, kantin Ponpes Dar El Hikmah meraih Juara 2, perlombaan Kantin Sehat sekota Pekanbaru yang digagas oleh Dinas Kesehatan kota Pekanbaru https://t.co/S9aBGS4ebA"
250,Tue Feb 18 09:51:49 +0000 2014,Kualitas Udara Kota Pekanbaru Tidak Sehat http://t.co/9jnwnnhQeX (RiauPos),
251,Tue Dec 29 12:09:11 +0000 2015,Kota Pekanbaru Masih Minim Posyandu https://t.co/xtFdL7sulI #RiauPos,
252,Sun Oct 02 12:53:49 +0000 2016,"Warga Keluhkan Pungutan di Posyandu, Ini Tanggapan Kadiskes Kota Pekanbaru: Dia mengaku akan mengecek kebenar... https://t.co/sWRpwwX7Z3",
253,Thu Feb 08 16:25:58 +0000 2018,"Dibawah Kepemimpinan DR.H.Firdaus,ST,MT, Kota Pekanbaru Berhasil Membangun Rumah Sakit https://t.co/11V7uwqQxv",
254,Fri Nov 01 00:46:00 +0000 2013,Bismillah dinas hari ke tiga ððð· (at Puskesmas Limapuluh Kota Pekanbaru) â https://t.co/hARrIEtmvS,
255,Sat Sep 28 12:52:08 +0000 2013,@LowkerPKU Info donk Penerimaan Cpns Formasi Bidan Di Kota Pekanbaru Berapa orang yang diterima ???,
256,Mon Feb 29 08:14:10 +0000 2016,#berita Badan Narkotika Nasional (BNN) Kota Pekanbaru gencar melakukan sosialiasi bahaya penyalagunaan narkoba... https://t.co/ubTTtAWEFU,
257,Sun May 17 03:12:02 +0000 2015,"Baru 50 Persen Puskesmas 24 Jam Beroperasi penuh: PEKANBARU,SeRiau â Dinas Kesehatan Kota Pekanbaru, mengungka... http://t.co/4K7f4XTVNA",
258,Thu Nov 20 13:32:14 +0000 2014,"Pekanbaru siagakan Puskesmas antisipasi banjir: Dinas Kesehatan Kota Pekanbaru, Provinsi Riau, telah menyiagak... http://t.co/qvdjELKcZM",
259,Fri Mar 10 02:08:12 +0000 2017,Bidan Desa Ditandu Sejauh 8 KM Usai Melahirkan di Tengah Longsor Limapuluh Kota https://t.co/7elJdfnSWZ | PekanBaruâ¦ https://t.co/8fokdYOfp6,Bidan Desa Ditandu Sejauh 8 KM Usai Melahirkan di Tengah Longsor Limapuluh Kota https://t.co/7elJdfnSWZ | PekanBaru #Riau https://t.co/iqbIt2L06t
260,Fri Feb 09 13:12:16 +0000 2018,"Ibarat Mimpi Jadi Nyata, Wali Kota Pekanbaru Resmikan Rumah Sakit Daerah yang Kehadirannya Telah Sekian Lama Dinantâ¦ https://t.co/ZsAcdUc68D","Ibarat Mimpi Jadi Nyata, Wali Kota Pekanbaru Resmikan Rumah Sakit Daerah yang Kehadirannya Telah Sekian Lama Dinanti Warga https://t.co/anm0hAjbCw"
261,Sun Mar 09 03:16:51 +0000 2014,"Udara Pekanbaru sangat tidak sehat akibat asap: Kualitas udara di Kota Pekanbaru kini dalam status ""Sangat Tid... http://t.co/g8o5I74BHs",
262,Tue Apr 11 08:36:19 +0000 2017,Gubri: Bidan Jadi Ujung Tombak Program KB https://t.co/wybphvjN9O | PekanBaru #Riau https://t.co/1wKEftNGrP,
263,Thu Jan 09 00:36:02 +0000 2014,At Puskesmas Limapuluh Kota Pekanbaru â https://t.co/klpMVYzpr1,
264,Thu Nov 20 13:31:12 +0000 2014,"Pekanbaru siagakan Puskesmas antisipasi banjir: Dinas Kesehatan Kota Pekanbaru, Provinsi Riau, telah menyiagak... http://t.co/H3VH6zDQTp",
265,Fri Apr 28 17:48:10 +0000 2017,Penderita DBD di Kota Pekanbaru Terus Meningkat https://t.co/2RJD0ZFPft https://t.co/YRzSiFQgtO,
266,Mon Oct 01 07:50:25 +0000 2018,"21 Puskesmas Kota Pekanbaru Terima Dana BOK Capai Rp 9,4 M Dari Pusat - Detik News Ocean (DNO): Your Latest Informaâ¦ https://t.co/xIbT1gbtjH","21 Puskesmas Kota Pekanbaru Terima Dana BOK Capai Rp 9,4 M Dari Pusat - Detik News Ocean (DNO): Your Latest Information https://t.co/cnjjTYZrIg"
267,Thu Nov 20 11:54:05 +0000 2014,"Puskesmas Pekanbaru Siaga Banjir: PEKANBARU,SeRiau â Dinas Kesehatan Kota Pekanbaru, menyiagakan seluruh puske... http://t.co/lMI1kB6p8w",
268,Tue Feb 13 21:27:06 +0000 2018,Akhirnya Kota Pekanbaru Punya Rumah Sakit 'Sendiri' https://t.co/mr9M76BboE,
269,Wed Apr 10 06:36:02 +0000 2019,APOTIK DE NATURE HERBAL: Alamat Apotik Jual Obat Sipilis Di Kota Pekanbaru https://t.co/EdPr3gdZlA,
270,Tue Aug 20 16:03:35 +0000 2013,"Hahaha ""@DedePurwadi: Macem Tukang kusuk bah. Profesionlâ@RafinaFynha: Info rumah sakit yang professional di kota pekanbaru donk..""",
271,Tue Aug 14 14:42:23 +0000 2018,"Manfaatkan Fasilitas, Rumah Sakit Daerah Kota Pekanbaru Siap LayaniÂ Masyarakat

#beritaPKU
https://t.co/JlfAYAytDd https://t.co/476qROIC8y",
272,Sat May 30 22:36:34 +0000 2015,"Sumber from IG Sehat_ok... and happy Sunday yang lagi Diet.. khaputtry , aku menyusul. @ Kota Pekanbaru https://t.co/LNy0u9vRwf",
273,Thu Mar 09 09:00:41 +0000 2017,Mengkhawatirkan!! Kasus DBD di Pekanbaru Terus Meningkat: Kasus Demam Berdarah Dengue (DBD) di Kota Pekanbaruâ¦ https://t.co/sJw1RDi4me,
274,Wed Sep 17 02:59:29 +0000 2014,#BEMUINAWARDS Berita Terkini Hari Ini: ISPU Kota Pekanbaru Tidak Sehat: Berita terbaru Kota Pekan... http://t.co/aehZGjboOS #IBFUINSUSKA,
275,Fri Feb 16 14:27:11 +0000 2018,"Novrianti, Tetap Semangat Keliling Jualan Makanan di Atas Kursi Roda: kaki sebelah kanannya terpaksa diamputasi karâ¦ https://t.co/3wwSSFPYaC","Novrianti, Tetap Semangat Keliling Jualan Makanan di Atas Kursi Roda: kaki sebelah kanannya terpaksa diamputasi karena menderita penyakit diabetes https://t.co/AmUbVN2Wa2 https://t.co/ZI8xpbrYgi"
276,Sat Jun 02 19:20:48 +0000 2018,"Salinan dari Terobosan Walikota Firdaus, Puskesmas Wisata di Kota Pekanbaru Riau: https://t.co/Xd7IX4pFzD melalui @YouTube",
277,Wed Nov 22 16:16:24 +0000 2017,Pembangunan fisik RSUD Pekanbaru butuh Rp21 miliar lagi https://t.co/ETieEZBOzt,
278,Mon Sep 28 05:19:09 +0000 2015,"@Kota_Pekanbaru PKU 12.00 WIB Visibility 1.200 Mtr , 12.00 WIB Konsentrasi Partikulat 173,29 Tidak Sehat #MelawanAsap",
279,Wed Oct 04 16:33:05 +0000 2017,Waspadaâ¦ Rupanya Masih Banyak Obat dan Kosmetik Ilegal Dijual di Kota Pekanbaru https://t.co/B6MAzOuQca https://t.co/8nnx91W8uQ,
280,Tue Nov 13 02:37:04 +0000 2018,"Keluarga Tak Izinkan Mayat Dokter yang Ditemukan Tersangkut di Jembatan Jondul Diotopsi: Senin pagi tadi, 12 Novembâ¦ https://t.co/ryE50pAGZt","Keluarga Tak Izinkan Mayat Dokter yang Ditemukan Tersangkut di Jembatan Jondul Diotopsi: Senin pagi tadi, 12 November 2018, warga Kota Pekanbaru dihebohkan dengan penemuan mayat seorang pria yang tersangkut di bawah jembatan Sungai Sail, tepatnya diâ¦ https://t.co/WalsoIfuyG https://t.co/KmDpiHDkg7"
281,Fri Sep 07 01:27:56 +0000 2018,"Bersama Tim Dokter IDI Kota Pekanbaru...
#semarakqurbanmelebung
#qurbanbersamauntuksesamaâ¦ https://t.co/efT6CH1k7y","Bersama Tim Dokter IDI Kota Pekanbaru...
#semarakqurbanmelebung
#qurbanbersamauntuksesama 
#semogaberkahdanbermanfaat
#zakathebat 
#lazismupekanbaru 
#memberiuntuknegeri https://t.co/WypceYySmT"
282,Tue Apr 24 05:50:29 +0000 2018,RSUD Tengku Rafian Siak Menuju Akreditasi SNARS https://t.co/8EpSQ7uuSY https://t.co/wYBewfUOQ0,
283,Sat Aug 10 21:26:34 +0000 2019,Dinkes Perintahkan Puskesmas Siapkan Ambulance di Lokasi Salat Ied https://t.co/YCzeJDNov1 https://t.co/Y1qhsByWtd,
284,Mon Feb 22 01:17:08 +0000 2016,Gwsmaað¢ (with Mamað± at RSUD kota Pekanbaru) â https://t.co/uP7qc8wbea,
285,Tue Sep 10 00:59:39 +0000 2013,"Pagiiiiiii!!! (with Vinka, Ratna, and 10 others at Puskesmas Limapuluh Kota Pekanbaru) [pic] â https://t.co/3xgr9tGbRQ",
286,Wed Jun 26 04:03:22 +0000 2019,"Kecamatan Tampan Juara 1 Lomba PHBS dan Juara III Posyandu Tingkat Kota Pekanbaru

https://t.co/hip033nGZ1",
287,Wed Mar 12 05:23:59 +0000 2014,"Kota Pekanbaru, Provinsi Riau, kini tercatat berada dalam Kejadian Luar Biasa (KLB) yang warganya diserang... http://t.co/XncyYgAihH",
288,Wed Apr 15 11:00:00 +0000 2020,"Namanya Eko Chandra. Berprofesi sebagai perawat di salah satu rumah sakit swasta di Kota Pekanbaru, Riau. Tugasnyaâ¦ https://t.co/lEB3uHJYMr","Namanya Eko Chandra. Berprofesi sebagai perawat di salah satu rumah sakit swasta di Kota Pekanbaru, Riau. Tugasnya berjaga di UGD. Setiap harinya, pasien terindikasi positif Covid-19 datang ke tempatnya bekerja.  Ini kisah tawa dan tangis Eko, sang pahlawan medis. #MDKVideo https://t.co/Kwbo07AxDV"
289,Thu May 10 12:31:58 +0000 2018,"Selama April, 28 Orang di Pekanbaru Terserang DBD, 1 Meninggal Dunia: Selama bulan April 2018, Dinas Kesehatan (Disâ¦ https://t.co/VlfMC9qiEi","Selama April, 28 Orang di Pekanbaru Terserang DBD, 1 Meninggal Dunia: Selama bulan April 2018, Dinas Kesehatan (Diskes) Kota Pekanbaru mencatat setidaknya 28 orang di Kota Pekanbaru telah terserang Demam Berdarah Dengue (DBD). https://t.co/B42t4Ttclq https://t.co/pU4DMKgWFu"
290,Fri Aug 16 13:08:16 +0000 2019,Puluhan balita di Pekanbaru mulai terserang penyakit Inspeksi Saluran Pernapasan Akut (ISPA) akibat kabut asap dariâ¦ https://t.co/jeLA8fVxEv,"Puluhan balita di Pekanbaru mulai terserang penyakit Inspeksi Saluran Pernapasan Akut (ISPA) akibat kabut asap dari kebakaran hutan dan lahan. Di Puskesmas Simpang Tiga, Kota Pekanbaru, tercatat 15 balita 1-4 tahun terkena ISPA
#perlindungananak #kabutasap
https://t.co/W3ocMJ5h2x"
291,Fri Dec 06 00:54:01 +0000 2013,At Puskesmas Limapuluh Kota Pekanbaru â https://t.co/pDmdFSMhTi,
292,Mon Jun 29 02:19:32 +0000 2020,https://t.co/Nr6zK0wLNy  Hasil Swab 50 Tenaga Kesehatan Puskesmas Rumbai Negatif Covid-19: Hasil swab 50 orang tenaâ¦ https://t.co/T3sgKo1CYr,https://t.co/Nr6zK0wLNy  Hasil Swab 50 Tenaga Kesehatan Puskesmas Rumbai Negatif Covid-19: Hasil swab 50 orang tenaga kesehatan (nakes) di Puskesmas Rumbai Kota Pekanbaru dinyatakan negatif dari Covid-19. Mereka dites swab lantaran adanya salah seorang dokterâ¦ Sumber merdeka com https://t.co/x8KmEW1fKU
293,Sun Oct 02 14:05:43 +0000 2016,"Kepala BPMKB Kota Pekanbaru Legalkan Pungutan di Posyandu, Ini Alasannya https://t.co/BjfZpIJXNd",
294,Thu Oct 20 10:34:13 +0000 2016,"Komisi Penanggulangan Acquired Immune Deficiency Syndrome (AIDS) Kota Pekanbaru, Provinsi Riau men... https://t.co/XpA3o4dzt4 #infogelap",
295,Thu Nov 20 13:37:15 +0000 2014,"Pekanbaru siagakan Puskesmas antisipasi banjir: Dinas Kesehatan Kota Pekanbaru, Provinsi Riau, telah menyiagak... http://t.co/Glo4ZiaL37",
296,Tue Mar 11 21:56:59 +0000 2014,"Pekanbaru KLB penyakit akibat asap: Kota Pekanbaru, Provinsi Riau, kini tercatat berada dalam Kejadian Luar Bi... http://t.co/W0WLNb9RKW",
297,Thu May 10 12:32:00 +0000 2018,"Laki-laki Dominan Terserang DBD di Pekanbaru, Terbanyak Anak Usia Hingga 9 Tahun: Laki-laki mendominasi terserang pâ¦ https://t.co/okknQhzfY0","Laki-laki Dominan Terserang DBD di Pekanbaru, Terbanyak Anak Usia Hingga 9 Tahun: Laki-laki mendominasi terserang penyakit Demam Berdarah Dengue (DBD) di Kota Pekanbaru hingga bulan April 2018. https://t.co/Q9I5uUhUIJ https://t.co/J93cqhjkp1"
298,Thu Nov 20 13:34:33 +0000 2014,"Pekanbaru siagakan Puskesmas antisipasi banjir: Dinas Kesehatan Kota Pekanbaru, Provinsi Riau, telah menyiagak... http://t.co/7lFB5MtyPh",
299,Sun Oct 18 12:10:26 +0000 2015,"Pekanbaru Bangun Puskesmas Wisata: PEKANBARU,SeRiau â Pemerintah. Kota Pekanbaru, Provinsi Riau membangun Pusa... http://t.co/JGH4dmG7kw",
300,Tue Nov 13 02:37:04 +0000 2018,"Keluarga Tak Izinkan Mayat Dokter yang Ditemukan Tersangkut di Jembatan Jondul Diotopsi: Senin pagi tadi, 12 Novembâ¦ https://t.co/sp3TUOwFxB","Keluarga Tak Izinkan Mayat Dokter yang Ditemukan Tersangkut di Jembatan Jondul Diotopsi: Senin pagi tadi, 12 November 2018, warga Kota Pekanbaru dihebohkan dengan penemuan mayat seorang pria yang tersangkut di bawah jembatan Sungai Sail, tepatnya diâ¦ https://t.co/kPT4D9uKsl https://t.co/1Mi6AC7h0r"
301,Fri Aug 30 08:47:05 +0000 2013,"Cuaca Di Pekanbaru Tidak Sehat Akibat Kabut Asap: Pekanbaru, Riau
Kualitas udara di kota Pekanbaru, Riau semak... http://t.co/8riaFn73Ok",
302,Tue Feb 26 08:15:42 +0000 2019,DBD Masih Pegang Rekor Penyakit Terbanyak Diderita Di Kota Pekanbaru https://t.co/L8o3GlkZYM,
303,Sun Apr 20 08:15:50 +0000 2014,selamat datang di kota pekanbaru ya dokter  @ryanthamrin :),
304,Mon Jun 19 05:23:08 +0000 2017,"Dinkes Riau Siagakan Ratusan Tenaga Medis di Jalur Mudik: Dinkes Riau menurunkan satu dokter, dua perawat dan satuâ¦â¦ https://t.co/yiKz52clwI","Dinkes Riau Siagakan Ratusan Tenaga Medis di Jalur Mudik: Dinkes Riau menurunkan satu dokter, dua perawat dan satuâ¦ https://t.co/iUJIQHRGJW https://t.co/hXEIEMkjdB"
305,Tue Jan 30 06:42:22 +0000 2018,Klinik Jual Asli Obat Telat Bulan Cytotec Di Pekanbaru || 081227677373 || klinik Jual Obat Telat Bulan Di Kota Pekaâ¦ https://t.co/JPTnUSGQG9,Klinik Jual Asli Obat Telat Bulan Cytotec Di Pekanbaru || 081227677373 || klinik Jual Obat Telat Bulan Di Kota Pekanbaru https://t.co/IGN7PaIfnt
306,Wed Feb 25 01:29:13 +0000 2015,Wali Kota Pekanbaru Belum Ada Nyatakan KLB Demam Berdarah http://t.co/rpEIc0lzr2,
307,Wed Mar 13 06:53:39 +0000 2019,"Selamat datang bpk Prabowo Subianto di kota Pekanbaru, kota bertuah, kota yg mayoritas akal sehatâ¦ https://t.co/ojwv44IC9L","Selamat datang bpk Prabowo Subianto di kota Pekanbaru, kota bertuah, kota yg mayoritas akal sehat
#RiauPastiPrabowoSandi https://t.co/xdZWn0erZA"
308,Sun Jan 19 01:15:16 +0000 2014,"Rumah Sakit Jiwa (RSJ) Tampan di Kota Pekanbaru, Riau, menyiapkan belasan kamar khusus untuk melayani pasien y... http://t.co/JQGBrPC5Se",
309,Thu Nov 20 11:54:04 +0000 2014,"Puskesmas Pekanbaru Siaga Banjir: PEKANBARU,SeRiau â Dinas Kesehatan Kota Pekanbaru, menyiagakan seluruh puske... http://t.co/YtIZkbg5fG",
310,Mon Nov 04 04:06:40 +0000 2013,"2. Sebagai ""Masy. Asli Kota @Pekanbaru"" Masy. @KecamatanLimaPuluh mengeluhkan layanan RSUD yang tidak maksimal.",
311,Fri May 01 15:23:57 +0000 2020,"#Repost infopku_ @dharma_kom
â¢ â¢ â¢ â¢ â¢ â¢
Info PKU

Daftar Nomor Telepon Rumah Sakit Rujukan Penanggulangan Covid-19â¦ https://t.co/h1HhbYpC0y","#Repost infopku_ @dharma_kom
â¢ â¢ â¢ â¢ â¢ â¢
Info PKU

Daftar Nomor Telepon Rumah Sakit Rujukan Penanggulangan Covid-19 di Kota Pekanbaru. Semoga bermanfaat

#infoPKU #Pekanbaru #instagramPKU #infoPKUgrafisâ¦ https://t.co/WWAMuz8fHP"
312,Thu Nov 20 13:37:13 +0000 2014,"Pekanbaru siagakan Puskesmas antisipasi banjir: Dinas Kesehatan Kota Pekanbaru, Provinsi Riau, telah menyiagak... http://t.co/GWPPCCx063",
313,Tue Sep 17 08:29:20 +0000 2019,"Tanpa pakai masker, Presiden @jokowi meninjau langsung lokasi #kartuhla di Kota Pekanbaru, Riau. Pekan ini, Indeksâ¦ https://t.co/7Pv1AQnACu","Tanpa pakai masker, Presiden @jokowi meninjau langsung lokasi #kartuhla di Kota Pekanbaru, Riau. Pekan ini, Indeks Standar Pencemar Udara di wilayah Pekanbaru tercatat 269 (sangat tidak sehat). Apa yang sudah dilakukan pemerintah untuk padamkan karhutla? https://t.co/VZZ5fOPn6y"
314,Wed Sep 17 08:30:24 +0000 2014,Udara Kota Pekanbaru tak Sehat http://t.co/Cb38qmy015,
315,Fri Apr 22 02:55:54 +0000 2016,"#Repost rslancangkuning
ã»ã»ã»
Visitasi BNN kota Pekanbaru ke Rumah Sakit Lancang Kuning
#pkucakep https://t.co/oGeQAr0lVH",
316,Thu Nov 20 13:50:38 +0000 2014,"Pekanbaru siagakan Puskesmas antisipasi banjir: Dinas Kesehatan Kota Pekanbaru, Provinsi Riau, telah menyiagak... http://t.co/QdYvcuY7D2",
317,Sun Aug 11 07:25:02 +0000 2019,"https://t.co/zfmclHoLR8 Kalau Razia Kebun Sawit Gubri Terlaksana, Hampir Semua Perusahaan Sawit di Riau ""Terlibat"":â¦ https://t.co/smjdXSnbFX","https://t.co/zfmclHoLR8 Kalau Razia Kebun Sawit Gubri Terlaksana, Hampir Semua Perusahaan Sawit di Riau ""Terlibat"": Kabar Lingkungan Dengan telah terserangnya Sebanyak 1 136 warga Kota Pekanbaru oleh penyakit Infeksi saluran pernapasan akut ISPA kiniâ¦ https://t.co/T6M28fyvfz"
318,Mon Jul 13 01:56:31 +0000 2020,"Bisa bertahan hidup saja, sudah bagus di masa pandemi #Covid19 seperti sekarang ini...

https://t.co/OMqdC9Sw9W",
319,Wed Sep 17 09:50:09 +0000 2014,"BNPB Pekanbaru: ""7 daerah Riau ini udaranya TIDAK SEHAT: Kec. Rumbai, Kota Pekanbaru, Duri Field, Bangko, Petapahan, Libo dan Duri Camp""",
320,Thu Jun 11 14:54:19 +0000 2020,Presentasi obat obat hematologi pada penanganan kasus bedah vaskuler  hari ini oleh dr muda FK UR ...masih on lineâ¦ https://t.co/EAQanHucwQ,Presentasi obat obat hematologi pada penanganan kasus bedah vaskuler  hari ini oleh dr muda FK UR ...masih on line  in newnormal session...heem @ Di Kota Pekanbaru Riau https://t.co/pCufhL9eiu
321,Tue Mar 11 23:02:46 +0000 2014,"Pekanbaru KLB penyakit akibat asap: Kota Pekanbaru, Provinsi Riau, kini tercatat berada dalam Kejadian Luar Bi... http://t.co/fuEy546zI4",
322,Thu Jun 08 10:25:31 +0000 2017,Kasus DBD di Kota Pekanbaru terus bertambah. https://t.co/AqWeA2BeO7,
323,Wed Jan 17 07:10:27 +0000 2018,"Ada yang pensiun, ada yang tersandung kasus hukum, ada juga yang sakit. Mereka tersebut kita ganti, biar jalan rodaâ¦ https://t.co/rYc2bbM16b","Ada yang pensiun, ada yang tersandung kasus hukum, ada juga yang sakit. Mereka tersebut kita ganti, biar jalan roda pemerintahan. 
https://t.co/dFW4j8duTS"
324,Mon Sep 02 01:49:28 +0000 2013,At Puskesmas Limapuluh Kota Pekanbaru â https://t.co/eBnY9tUPos,
325,Fri Jul 11 01:11:27 +0000 2014,At Puskesmas Limapuluh Kota Pekanbaru â https://t.co/L7sJQT4rXp,
326,Mon Apr 03 04:26:15 +0000 2017,"186 Korban Demam Berdarah, Diskes Pekanbaru Belum Tetapkan KLB: Dinas Kesehatan (Diskes) Kota Pekanbaruâ¦ https://t.co/fLflkAjHeb #berita",
327,Thu Jun 02 12:23:30 +0000 2016,#Berita Pembangunan RSUD Kota Pekanbaru Terkendala Anggaran https://t.co/KXr9MuAxw1 #HalamanRiau,
328,Sun Aug 25 16:31:32 +0000 2019,"Meski Kabut Asap, Masyarakat Tetap Semangat Ikuti Jalan Sehat: Meski kabut asap masih menyelimuti Kota Pekanbaru, tâ¦ https://t.co/zdmxuPdxYX","Meski Kabut Asap, Masyarakat Tetap Semangat Ikuti Jalan Sehat: Meski kabut asap masih menyelimuti Kota Pekanbaru, tak menyurutkan semangat ratusan masyarakat Kelurahan Sialang Munggu untuk berkegiatan jalan sehat, Minggu 25 Agustus 2019. https://t.co/PleMvFdXz1"
329,Thu Apr 02 07:58:33 +0000 2020,"Tinjau Pelaksanaan Rapid Test di Puskesmas Kota Pekanbaru, Syamsuar: Jangan Cemas Berlebihan https://t.co/BLuR6Nd7iw https://t.co/fg53Nb237J",
330,Thu Apr 04 02:36:54 +0000 2019,DPT Pemilu Presiden dan legislatif Kota Pekanbaru tercatat 515.589 pemilih. Sesuai putusan terakhir Mahkamah Konstiâ¦ https://t.co/B5X4sOgnJG,"DPT Pemilu Presiden dan legislatif Kota Pekanbaru tercatat 515.589 pemilih. Sesuai putusan terakhir Mahkamah Konstitusi, pendaftaran tambah pemilih masih dibuka sampai 10 April 2019, khususnya untuk calon pemilih pindah domisili,  sakit,  korban bencana dan Tahanan Hukum*"
331,Tue Feb 02 02:49:54 +0000 2016,"Sakit, Kepala BPKAD Kota Pekanbaru mengundurkan diri - Riau News (Pendaftaran) https://t.co/djVBtFTwr7 #Pekanbaru #Riau",
332,Sun Jun 23 03:04:58 +0000 2013,jalan sehat bersama @syariefhasan dan 50.000 masyarakat riau di kota pekanbaru.,
333,Fri Jul 10 18:05:17 +0000 2015,"kota pekanbaru kembali di selimuti asap dan indeks pengukur udara tertulis tidak sehat, asap dan asap lagi kota ku tercinta",
334,Sun Jan 19 01:23:08 +0000 2014,"RSJ Pekanbaru Siapkan Belasan Kamar Tampung Caleg Depresi: Rumah Sakit Jiwa (RSJ) Tampan di Kota Pekanbaru, Ri... http://t.co/1nICR79nC8",
335,Thu Nov 15 00:50:27 +0000 2018,Yukk ikutan donor darah...!!! Sedekah kehidupan yang membuat kita pun tambah sehat... @ KSR PMI Unit Markas Kota Peâ¦ https://t.co/FPMo5SYqqg,Yukk ikutan donor darah...!!! Sedekah kehidupan yang membuat kita pun tambah sehat... @ KSR PMI Unit Markas Kota Pekanbaru https://t.co/MHKVKobN0x
336,Thu Nov 20 13:38:04 +0000 2014,"Pekanbaru siagakan Puskesmas antisipasi banjir: Dinas Kesehatan Kota Pekanbaru, Provinsi Riau, telah menyiagak... http://t.co/EuzyzZQkLG",
337,Sat Aug 17 14:38:01 +0000 2019,Jadi aku tadi ketemu dua anak kecil di kota pekanbaru. Seperti di kebanyakan kota lainnya mereka jualan tisu gitu bâ¦ https://t.co/8ry4h7H4Gw,"Jadi aku tadi ketemu dua anak kecil di kota pekanbaru. Seperti di kebanyakan kota lainnya mereka jualan tisu gitu buat ngebantu orang tua. Ceritanya aku lagi di depan indoma*rt, lagi istirahat sambil jaga nenek aku yang sakit (minta doanya ya) dan lagi sebat ceritanya."
338,Wed Mar 12 01:55:53 +0000 2014,"Haha berita kabut asap ditvone kata pak dokter aja menyarankan tinggalkan kota pekanbaru dan kurangi aktivitas diluar -_-""",
339,Thu Jun 04 13:08:02 +0000 2020,"Sembuh, Pasien Terakhir Covid-19 Dilepas Tenaga Medis RSUD Selasih https://t.co/zXFJcUSMap",
340,Tue Jul 28 07:08:04 +0000 2015,"Perhatian-perhatian, Udara Kota Pekanbaru dalam Level Tidak Sehat http://t.co/NyJz38e8HA",
341,Sat Sep 12 03:33:50 +0000 2015,Kabut asap d kota pekanbaru makin parah aja ... Masyarakat mulai terserang penyakit ispa,
342,Fri Mar 20 11:53:06 +0000 2020,"Mama saya membeli jas hujan yang ada di Indomaret atau Alfamart sebagai APD nya untuk berkerja, apalagi ini puncakâ¦ https://t.co/EeYD1TKmix","Mama saya membeli jas hujan yang ada di Indomaret atau Alfamart sebagai APD nya untuk berkerja, apalagi ini puncak dari berbagai macam keluhan2 dr tidak keluarnya berbagai macam tunjangan dr dinkes kota pekanbaru, ntah kemana anggaran untuk pekerja2 kesehatan yg sudah dianggarkan"
343,Tue Mar 11 21:55:28 +0000 2014,"Pekanbaru KLB penyakit akibat asap: Kota Pekanbaru, Provinsi Riau, kini tercatat berada dalam Kejadian Luar Bi... http://t.co/AQL1tv3BqI",
344,Tue Feb 18 10:43:41 +0000 2014,"Kualitas Udara Kota Pekanbaru Tidak Sehat: 
PEKANBARU (RIAUPOS.CO) - Udara Kota Pekanbaru dinyatakan Tidak Se... http://t.co/kQ9iPI4Gf9",
345,Tue Jul 16 09:16:08 +0000 2019,Wali Kota Pekanbaru Serahkan Jabatan Plt Kepala Dinkes ke M Amin yang Juga Kepala Disdalduk KBâ¦ https://t.co/zWUWBOBJ1R,Wali Kota Pekanbaru Serahkan Jabatan Plt Kepala Dinkes ke M Amin yang Juga Kepala Disdalduk KB https://t.co/OE4ssfNknM https://t.co/qKT7cfIZRg
346,Fri Aug 30 08:54:04 +0000 2013,"Cuaca Di Pekanbaru Tidak Sehat Akibat Kabut Asap: Pekanbaru, Riau
Kualitas udara di kota Pekanbaru, Riau semak... http://t.co/T3J55TAhEQ",
347,Tue Jul 31 16:00:00 +0000 2018,"Pekanbaru Gelar Imunisasi Perdana Measles Rubella, Catat Lokasinya!

#beritaPKU
https://t.co/0pJSNaukbK",
348,Thu Sep 22 06:40:59 +0000 2016,"#NewsUpdate Gunakan Peralatan Tidak Sesuai Standar, Diskes Kota Pekanbaru Belum dapat Lapo... https://t.co/hnfcW7s1XU #MentionForFolBack",
349,Tue Mar 11 22:58:25 +0000 2014,"Pekanbaru KLB penyakit akibat asap: Kota Pekanbaru, Provinsi Riau, kini tercatat berada dalam Kejadian Luar Biasa (KLB) yang warganya...",
350,Tue Feb 10 04:35:36 +0000 2015,Enam Kecamatan di Kota Pekanbaru Endemis DBD http://t.co/nnPNJ5QIKa (inilahRIAU),
351,Sat Jul 13 13:47:28 +0000 2019,"Bukannya membantu, malah asyik mengeluarkan gadget dan merekam aksi orang gila telanjang di atas mobilnya. Padahal,â¦ https://t.co/q5B5WV3uia","Bukannya membantu, malah asyik mengeluarkan gadget dan merekam aksi orang gila telanjang di atas mobilnya. Padahal, sebagai perempuan yang lemah, Metha Chlariza sudah membunyikan klakson berkali-kali tanda minta bantuan. 

https://t.co/wTjImx2t6h"
352,Thu Sep 11 08:09:08 +0000 2014,"@drsuryo maaf dok, saya berasal dari luar kota pekanbaru,, ada rencana mau cek konsul sama dokter, Sabtu apakah dokter bukak praktek?",
353,Mon Jul 04 09:38:28 +0000 2016,"Selama Lebaran, RS dan Puskesmas Harus Standby 24 Jam: Puskesmas dan rumah sakit di Kota Pekanbaru, tetap mem... https://t.co/k9OGvBmFn5",
354,Fri Oct 11 04:26:36 +0000 2013,"Anggota DPRD Pekanbaru Minta Proyek Puskesmas Pembantu Dihentikan Sementara: Legislator Kota Pekanbaru, Riau, ... http://t.co/PnrAanWOJa",
355,Mon Jul 25 03:56:36 +0000 2016,"Mau sehat ? gampang dan praktis bisa dilakukan dirumah bersama ""Nikita Jogging"" cc @Kota_Pekanbaru https://t.co/ZHy6rp0KJp",
356,Tue Aug 14 14:42:23 +0000 2018,"Manfaatkan Fasilitas, Rumah Sakit Daerah Kota Pekanbaru Siap LayaniÂ Masyarakat

#beritaPKU
https://t.co/JlfAYAytDd https://t.co/476qROIC8y",
357,Thu Apr 11 06:36:11 +0000 2019,"Alhamdulillah, kantin Ponpes Dar El Hikmah meraih Juara 2, perlombaan Kantin Sehat sekota Pekanbaru yang digagas olâ¦ https://t.co/WN0abBPqyI","Alhamdulillah, kantin Ponpes Dar El Hikmah meraih Juara 2, perlombaan Kantin Sehat sekota Pekanbaru yang digagas oleh Dinas Kesehatan kota Pekanbaru https://t.co/S9aBGS4ebA"
358,Tue Sep 17 12:59:19 +0000 2019,"@_rikapratiwi @infoPKU Korban ada dari mahasiswa kalau g salah 5 orang, malam ini masih dirawat di RSUD kota Pekanbaru,",
359,Sun Apr 29 17:17:18 +0000 2018,"Jadi Salah Satu Penyakit Mematikan di Indonesia, Prodia Ajak Para Wanita di Kota Pekanbaru ... https://t.co/IPwzmd5Uel",
360,Tue Mar 11 22:02:05 +0000 2014,"Pekanbaru KLB penyakit akibat asap: Kota Pekanbaru, Provinsi Riau, kini tercatat berada dalam Keja... http://t.co/U8S9kCX9WM Antara News",
361,Thu Apr 05 04:29:57 +0000 2018,73 Warga Pekanbaru Terserang DBD: KOTA (https://t.co/Miy4CEMBIM) - Dinas Kesehatan (Diskes) Kota Pekanbaruâ¦â¦ https://t.co/KRllbKvpyA,73 Warga Pekanbaru Terserang DBD: KOTA (https://t.co/Miy4CEMBIM) - Dinas Kesehatan (Diskes) Kota Pekanbaruâ¦ https://t.co/u6dOE0Aj9O #riaupos #riau
362,Wed Aug 08 08:51:42 +0000 2018,Imunisasi Vaksin MR Terancam Tak Capai Target https://t.co/1aOMIzsMTx,
363,Sun Nov 25 13:20:32 +0000 2018,Ditambah dinas di Rumah sakit yang shiftnya gak bisa di bayangkan udahð belum lagi kaget pas tau shift di Rumah sakâ¦ https://t.co/1juOFpI6Q1,Ditambah dinas di Rumah sakit yang shiftnya gak bisa di bayangkan udahð belum lagi kaget pas tau shift di Rumah sakit luar kota pekanbaru lebih semelelahkan itu
364,Sat Jul 26 03:28:31 +0000 2014,Asap Karhutla Serbu Pekanbaru: Sejumlah warga Kota Pekanbaru mengaku menghirup udara yang tidak sehat karena b... http://t.co/27mHaXNGkx,
365,Sun Mar 09 03:06:03 +0000 2014,"Udara Pekanbaru sangat tidak sehat akibat asap: Kualitas udara di Kota Pekanbaru kini dalam status ""Sangat Tid... http://t.co/lNuOr2S8Pd",
366,Sat Dec 15 02:53:51 +0000 2018,"Inilah kelakuan manusia2 yang tak mau bersaing secara sehat.
Ini kejadian di Pekanbaru, terjadi perusakan APK di saâ¦ https://t.co/iaXkZH8B7Y","Inilah kelakuan manusia2 yang tak mau bersaing secara sehat.
Ini kejadian di Pekanbaru, terjadi perusakan APK di salah jalan protokol di kota Pekanbaru. 
Kejadian ini PAS pula saat kunjungan Presiden RI ke 6 di  Pekanbaru. https://t.co/Zmm8lOCgAL"
367,Thu Nov 20 13:30:08 +0000 2014,"Pekanbaru siagakan Puskesmas antisipasi banjir: Dinas Kesehatan Kota Pekanbaru, Provinsi Riau, telah menyiagak... http://t.co/yuGhcfYN4g",
368,Fri Dec 06 02:42:41 +0000 2019,Ayo beramai2 masyarakat kota pekanbaru terkhusus buat ibu2 dan remaja putri jgn ketinggalan untuk mengikuti gerak jâ¦ https://t.co/yKueyilGEb,"Ayo beramai2 masyarakat kota pekanbaru terkhusus buat ibu2 dan remaja putri jgn ketinggalan untuk mengikuti gerak jalan sehat keluarga dlm rangka hari ibu dan menuju indonesia sehat 
jangan lupa membawa tumbler menuju indonesia bebas plastik https://t.co/XQGnJODSJL"
369,Tue Feb 18 10:43:33 +0000 2014,(Riaupos) Kualitas Udara Kota Pekanbaru Tidak Sehat http://t.co/VL5uK1fify,
370,Sat Sep 14 10:54:34 +0000 2019,Assallamualaikum bapak Presiden yang sangat saya hormati sekiranya gambar berikut sudah sangat mewakilkan kabar kamâ¦ https://t.co/fLZJENkFhy,"Assallamualaikum bapak Presiden yang sangat saya hormati sekiranya gambar berikut sudah sangat mewakilkan kabar kami semua di kota Pekanbaru @jokowi. Semoga bapak sehat selalu ya, aamiinð https://t.co/AlhdNOh2vT"
371,Wed Sep 16 04:01:32 +0000 2020,Wali Kota Pekanbaru Bilang Ada Orang yang Positif Corona dan Tergolong âIntelekâ Datang ke Puskesmas tanpa Masker https://t.co/KsLctLqa4W,
372,Mon Sep 01 09:00:26 +0000 2014,DPRD Kota Pekanbaru Dukung Akreditasi Puskesmas http://t.co/BM1ZNiGn4n (HalloRiau),
373,Mon Sep 09 12:20:29 +0000 2019,Tadi pagi kabut asap di kota Pekanbaru sgt tebal. Kualitas udara hampir saja memasuki kategori sangat tidak sehat lâ¦ https://t.co/VHP9AmcUrP,Tadi pagi kabut asap di kota Pekanbaru sgt tebal. Kualitas udara hampir saja memasuki kategori sangat tidak sehat lalu turun lg menjadi tidak sehat.
374,Wed Nov 06 05:57:04 +0000 2019,50 Persen Lebih Peserta Mandiri di Kuansing Menunggak Bayar BPJS Kesehatan https://t.co/DwXyktqFKZ,
375,Tue Mar 11 23:02:28 +0000 2014,"Pekanbaru KLB penyakit akibat asap: Kota Pekanbaru, Provinsi Riau, kini tercatat berada dalam Kejadian Luar Bi... http://t.co/KvUXdEvbXf",
376,Fri Jul 10 15:54:41 +0000 2015,Udara Kota Pekanbaru Mulai Tidak Sehat akibat Kabut Asap http://t.co/6ES9jIFrGV #infoKALTENG,
377,Thu Jun 02 15:32:57 +0000 2016,Pembangunan RSUD Kota Pekanbaru Terkendala Anggaran https://t.co/Sk5EQrsd7g #RiauPos,
378,Thu Nov 20 13:37:10 +0000 2014,"Pekanbaru siagakan Puskesmas antisipasi banjir: Dinas Kesehatan Kota Pekanbaru, Provinsi Riau, telah menyiagak... http://t.co/Z5of0RoHtQ",
379,Sun Jan 19 01:17:08 +0000 2014,"RSJ Pekanbaru Siapkan Belasan Kamar Tampung Caleg Depresi: Rumah Sakit Jiwa (RSJ) Tampan di Kota Pekanbaru, Ri... http://t.co/T1Bn92tNKM",
380,Tue Feb 13 21:44:43 +0000 2018,Akhirnya Kota Pekanbaru Punya Rumah Sakit 'Sendiri': RSUD Kota Pekanbaru mengusung konsepâ¦ https://t.co/bonSODFT3K,
381,Sun Jun 23 02:53:34 +0000 2013,Selamat pagi \(Â´â½`)/ Selamat Ulang Tahun Kota Pekanbaru ke-229 ! Semoga Asapnya cepet Berganti dengan Udara sehat seperti seharusnya yaa :),
382,Wed Aug 26 04:09:02 +0000 2020,Wali Kota Pekanbaru Sebut 100 Orang Lebih Jalani Isolasi Mandiri di Rumah https://t.co/XMCl5Yw7qT https://t.co/oIf02i2FV8,
383,Wed Nov 27 14:30:01 +0000 2019,Lanjutan Pembangunan Rumah Sakit Kelas C Kota Pekanbaru https://t.co/NuOJsaA0e8,
384,Mon Oct 03 12:30:12 +0000 2016,KPU: Dokter Sudah Bekerja Profesional dan KPU Sesuai Prosedur: Komisi Pemilihan Umum (KPU) Kota Pekanbaru men... https://t.co/QmMP6l26TK,
385,Tue Mar 11 21:57:25 +0000 2014,"Kota Pekanbaru, Provinsi Riau, kini tercatat berada dalam Kejadian Luar Biasa (KLB) yang warganya diserang pen... http://t.co/Wvv0BIctU7",
386,Wed Jan 01 06:40:28 +0000 2014,Bersama calon dokter masa depan . Xoxo happy new year (with Juan at Gereja HKBP Kota Pekanbaru) [pic] â https://t.co/7gX3XX1bUq,
387,Thu Nov 14 06:32:05 +0000 2013,Just posted a photo @ Puskesmas Limapuluh Kota Pekanbaru http://t.co/2d1Nqdxx5u,
388,Sun May 17 16:57:55 +0000 2015,"@Kota_Pekanbaru Air dirumah anda kuning,berminyak,kotor???
Ini solusinya...ZERNII FILTER AIR...terbukti
menjadikan air bersih dan sehat",
389,Tue Apr 24 11:11:58 +0000 2018,RSUD Tengku Rafian Siak Menuju Akreditasi SNARS https://t.co/IpuZp5ats4 https://t.co/ezMNLwzBLs,
390,Mon Jul 15 08:49:37 +0000 2019,10 Penyakit Yang Diakibatkan Gaya Hidup Tak Sehat https://t.co/C8Y0IBBcVS,
391,Mon Apr 14 00:42:35 +0000 2014,At Puskesmas Limapuluh Kota Pekanbaru â https://t.co/LZhJS60LUP,
392,Sat Nov 01 04:01:34 +0000 2014,"Pemateri ketiga dr. Leny Marzal, Kepala Puskesmas Simpang Tiga Dinkes kota Pekanbaru http://t.co/zKYxNxSpz8",
393,Tue Mar 11 22:13:59 +0000 2014,"Pekanbaru KLB penyakit akibat asap: Kota Pekanbaru, Provinsi Riau, kini tercatat berada dalam Kejadian Luar Bi... http://t.co/BvvdsnzVkP",
394,Fri Apr 15 20:29:35 +0000 2016,https://t.co/mrkNqo5Bw2: BPJS Buka Layanan di Kantor BPTPM Kota Pekanbaru https://t.co/chMin7VJqh,
395,Wed Nov 06 00:52:31 +0000 2013,At Puskesmas Limapuluh Kota Pekanbaru â https://t.co/1mlmN1GvtF,
396,Wed Mar 27 09:50:02 +0000 2019,"Bedah Bujubdan Bedah Akal Sehat 
Bersama @rockygerung Di Gor Tribuana Kota Pekanbaru - Riauâ¦ https://t.co/bBy4HBWlCz","Bedah Bujubdan Bedah Akal Sehat 
Bersama @rockygerung Di Gor Tribuana Kota Pekanbaru - Riau 

#AkalSehatPilihPrabowoSandi 
#2019PrabowoSandi https://t.co/ILlK84Uvc0"
397,Mon May 07 16:45:55 +0000 2018,Kota Pekanbaru memiliki beberapa rumah sakit yang dikelola oleh pemerintah maupun swasta.,
398,Tue Apr 24 14:53:31 +0000 2018,RSUD Tengku Rafian Siak Menuju Akreditasi SNARS https://t.co/qAV4TcUlpD https://t.co/VuhDWyYa8n,
399,Sat Sep 20 04:19:26 +0000 2014,Last day! â di Puskesmas Harapan Raya Kota Pekanbaru http://t.co/yHAY5VEspZ,
400,Mon Nov 24 03:32:29 +0000 2014,"""@Kota_Pekanbaru: Bergelut dengan Geng Motor, Anggota TNI Kritis di Rumah Sakit http://t.co/6whiKxzxtg - TribunNews""&gt;COBA KALO DIMARKAS ?",
401,Tue Mar 11 21:56:42 +0000 2014,"Pekanbaru KLB penyakit akibat asap: Kota Pekanbaru, Provinsi Riau, kini tercatat berada dalam Kejadian Luar Bi... http://t.co/2xkZxlUKZB",
